<?xml version = '1.0' encoding = 'UTF-8'?>
<relationalModel class="oracle.dbtools.crest.model.design.relational.RelationalDesign" name="Relational_1" id="98E11774-2A42-BC2F-4D84-2A738D6FD971" mainViewID="5D994F3B-62F2-E7E9-DF60-0453B09C3A05">
<createdBy>associate</createdBy>
<createdTime>2022-03-22 16:12:56 UTC</createdTime>
<ownerDesignName>RISK PROFILE AND FUND OFFERING</ownerDesignName>
<shouldBeOpen>true</shouldBeOpen>
<selectedRDBMSSite>32076570-2523-435C-2E92-BF29817DFF70</selectedRDBMSSite>
</relationalModel>