<?xml version = '1.0' encoding = 'UTF-8'?>
<TableProxyOraclev12c class="oracle.dbtools.crest.model.design.storage.oracle.v12c.TableProxyOraclev12c" name="RM_Fund_Assets" directorySegmentName="seg_0" id="187966ED-C03E-BBD3-CB07-BB775F18FDF6">
<createdBy>associate</createdBy>
<createdTime>2022-03-23 19:10:47 UTC</createdTime>
<ownerDesignName>RiskProfileandFundOffering</ownerDesignName>
<logging>YES</logging>
<partitionedRowMovement>DISABLE</partitionedRowMovement>
<temporaryChanged>false</temporaryChanged>
<accessDriverType>oracle_loader</accessDriverType>
<rejectLimit></rejectLimit>
<columnProxies itemClass="oracle.dbtools.crest.model.design.storage.oracle.v12c.ColumnProxyOraclev12c">
<ColumnProxy name="Fund_ID" id="31A262D4-EBF8-A377-33AD-E1D9269A61C0">
<createdBy>associate</createdBy>
<createdTime>2022-03-23 19:10:47 UTC</createdTime>
<ownerDesignName>RiskProfileandFundOffering</ownerDesignName>
</ColumnProxy>
<ColumnProxy name="Asset_Class_ID" id="423A581C-15E1-B5C6-3EBB-2772C1F3FFBE">
<createdBy>associate</createdBy>
<createdTime>2022-03-23 19:10:47 UTC</createdTime>
<ownerDesignName>RiskProfileandFundOffering</ownerDesignName>
</ColumnProxy>
<ColumnProxy name="RM_Ast_Cls_Ast_Cls_ID" id="704B10F3-38E6-6FFC-1380-407BC509D571">
<createdBy>associate</createdBy>
<createdTime>2022-03-23 19:10:47 UTC</createdTime>
<ownerDesignName>RiskProfileandFundOffering</ownerDesignName>
</ColumnProxy>
<ColumnProxy name="Percent_Of_Fund" id="8B11566D-B201-3559-7E33-4E9520803755">
<createdBy>associate</createdBy>
<createdTime>2022-03-23 19:10:47 UTC</createdTime>
<ownerDesignName>RiskProfileandFundOffering</ownerDesignName>
</ColumnProxy>
<ColumnProxy name="Fund_Asset_ID" id="A5CC49A7-D452-056D-28C0-BDFABEA15CB7">
<createdBy>associate</createdBy>
<createdTime>2022-03-23 19:10:47 UTC</createdTime>
<ownerDesignName>RiskProfileandFundOffering</ownerDesignName>
</ColumnProxy>
<ColumnProxy name="RM_Pot_Fnds_Fnd_ID" id="DA5C1E51-640E-8D19-8A67-489D89092702">
<createdBy>associate</createdBy>
<createdTime>2022-03-23 19:10:47 UTC</createdTime>
<ownerDesignName>RiskProfileandFundOffering</ownerDesignName>
</ColumnProxy>
</columnProxies>
<foreignKeys>
<ForeignKey class="oracle.dbtools.crest.model.design.storage.oracle.v10g.FKProxyOraclev10g" name="RM_Fnd_Asts_RM_Ast_Cls_FK" id="920B78EC-F475-8533-1E49-AAAE15B90DDA">
<createdBy>associate</createdBy>
<createdTime>2022-03-23 19:10:47 UTC</createdTime>
<ownerDesignName>RiskProfileandFundOffering</ownerDesignName>
</ForeignKey>
<ForeignKey class="oracle.dbtools.crest.model.design.storage.oracle.v10g.FKProxyOraclev10g" name="RM_Fund_Asts_RM_Pot_Fnds_FK" id="C8B0B053-C996-1159-527C-8E937BE239F5">
<createdBy>associate</createdBy>
<createdTime>2022-03-23 19:10:47 UTC</createdTime>
<ownerDesignName>RiskProfileandFundOffering</ownerDesignName>
</ForeignKey>
</foreignKeys>
<primaryKeys>
<PrimaryKey class="oracle.dbtools.crest.model.design.storage.oracle.v10g.PKProxyOraclev10g" name="RM_Fund_Assets_PK" id="805242DA-A2F5-2B63-4AEA-F533C714802D">
<createdBy>associate</createdBy>
<createdTime>2022-03-23 19:10:47 UTC</createdTime>
<ownerDesignName>RiskProfileandFundOffering</ownerDesignName>
<indexSort>SORTED</indexSort>
</PrimaryKey>
</primaryKeys>
</TableProxyOraclev12c>