<?xml version = '1.0' encoding = 'UTF-8'?>
<TableProxyOraclev12c class="oracle.dbtools.crest.model.design.storage.oracle.v12c.TableProxyOraclev12c" name="RM_Customer_Assets" directorySegmentName="seg_0" id="436D3F77-32E9-CC6F-1FBD-AC595E9E4B7A">
<createdBy>associate</createdBy>
<createdTime>2022-03-23 19:10:47 UTC</createdTime>
<ownerDesignName>RiskProfileandFundOffering</ownerDesignName>
<logging>YES</logging>
<partitionedRowMovement>DISABLE</partitionedRowMovement>
<temporaryChanged>false</temporaryChanged>
<accessDriverType>oracle_loader</accessDriverType>
<rejectLimit></rejectLimit>
<columnProxies itemClass="oracle.dbtools.crest.model.design.storage.oracle.v12c.ColumnProxyOraclev12c">
<ColumnProxy name="Customer_ID" id="2B95E833-11E7-B7DE-B196-FB75DD255BC4">
<createdBy>associate</createdBy>
<createdTime>2022-03-23 19:10:47 UTC</createdTime>
<ownerDesignName>RiskProfileandFundOffering</ownerDesignName>
</ColumnProxy>
<ColumnProxy name="Asset_Objective_ID" id="3B803DEA-9BDB-DC89-078A-DCAC92802741">
<createdBy>associate</createdBy>
<createdTime>2022-03-23 19:10:47 UTC</createdTime>
<ownerDesignName>RiskProfileandFundOffering</ownerDesignName>
</ColumnProxy>
<ColumnProxy name="Total" id="3D91DE6E-183C-F985-238A-F9C006386209">
<createdBy>associate</createdBy>
<createdTime>2022-03-23 19:10:47 UTC</createdTime>
<ownerDesignName>RiskProfileandFundOffering</ownerDesignName>
</ColumnProxy>
<ColumnProxy name="RM_Cust_Cust_ID" id="7F892017-DC06-060F-F1C2-5F31BFDCC0AB">
<createdBy>associate</createdBy>
<createdTime>2022-03-23 19:10:47 UTC</createdTime>
<ownerDesignName>RiskProfileandFundOffering</ownerDesignName>
</ColumnProxy>
<ColumnProxy name="RM_Ast_Obj_Ast_Obj_ID" id="948E1EA5-7489-54CA-DBB2-A592D8124CE6">
<createdBy>associate</createdBy>
<createdTime>2022-03-23 19:10:47 UTC</createdTime>
<ownerDesignName>RiskProfileandFundOffering</ownerDesignName>
</ColumnProxy>
<ColumnProxy name="Customer_Asset_ID" id="D9CD8B95-912E-ADAF-DF3B-FCDEFCEA14F0">
<createdBy>associate</createdBy>
<createdTime>2022-03-23 19:10:47 UTC</createdTime>
<ownerDesignName>RiskProfileandFundOffering</ownerDesignName>
</ColumnProxy>
</columnProxies>
<foreignKeys>
<ForeignKey class="oracle.dbtools.crest.model.design.storage.oracle.v10g.FKProxyOraclev10g" name="RM_Cust_Ast_RM_Ast_Obj_FK" id="54480777-E42F-62EA-0120-8B5D6ABA2047">
<createdBy>associate</createdBy>
<createdTime>2022-03-23 19:10:47 UTC</createdTime>
<ownerDesignName>RiskProfileandFundOffering</ownerDesignName>
</ForeignKey>
<ForeignKey class="oracle.dbtools.crest.model.design.storage.oracle.v10g.FKProxyOraclev10g" name="RM_Cust_Ast_RM_Cust_FK" id="98381A16-CEB6-56BB-D94D-789D7982AAE1">
<createdBy>associate</createdBy>
<createdTime>2022-03-23 19:10:47 UTC</createdTime>
<ownerDesignName>RiskProfileandFundOffering</ownerDesignName>
</ForeignKey>
</foreignKeys>
<primaryKeys>
<PrimaryKey class="oracle.dbtools.crest.model.design.storage.oracle.v10g.PKProxyOraclev10g" name="RM_Customer_Assets_PK" id="98B86179-D73B-2345-5621-487769C54E67">
<createdBy>associate</createdBy>
<createdTime>2022-03-23 19:10:47 UTC</createdTime>
<ownerDesignName>RiskProfileandFundOffering</ownerDesignName>
<indexSort>SORTED</indexSort>
</PrimaryKey>
</primaryKeys>
</TableProxyOraclev12c>