<?xml version = '1.0' encoding = 'UTF-8'?>
<TableProxyOraclev12c class="oracle.dbtools.crest.model.design.storage.oracle.v12c.TableProxyOraclev12c" name="RM_Asset_Objective" directorySegmentName="seg_0" id="5AD7C91A-2DDF-1F6E-3844-7DC4460D259A">
<createdBy>associate</createdBy>
<createdTime>2022-03-23 19:10:47 UTC</createdTime>
<ownerDesignName>RiskProfileandFundOffering</ownerDesignName>
<logging>YES</logging>
<partitionedRowMovement>DISABLE</partitionedRowMovement>
<temporaryChanged>false</temporaryChanged>
<accessDriverType>oracle_loader</accessDriverType>
<rejectLimit></rejectLimit>
<columnProxies itemClass="oracle.dbtools.crest.model.design.storage.oracle.v12c.ColumnProxyOraclev12c">
<ColumnProxy name="Asset_Objective_Name" id="73EC758E-5D00-0A39-7142-37F872E4F5E8">
<createdBy>associate</createdBy>
<createdTime>2022-03-23 19:10:47 UTC</createdTime>
<ownerDesignName>RiskProfileandFundOffering</ownerDesignName>
</ColumnProxy>
<ColumnProxy name="Asset_Objective_ID" id="BE9EB679-3796-FC77-8787-88F1D7A631FB">
<createdBy>associate</createdBy>
<createdTime>2022-03-23 19:10:47 UTC</createdTime>
<ownerDesignName>RiskProfileandFundOffering</ownerDesignName>
</ColumnProxy>
</columnProxies>
<primaryKeys>
<PrimaryKey class="oracle.dbtools.crest.model.design.storage.oracle.v10g.PKProxyOraclev10g" name="RM_Asset_Objective_PK" id="C1F42DBB-7E50-E967-FEB2-A9CBA863EFA6">
<createdBy>associate</createdBy>
<createdTime>2022-03-23 19:10:47 UTC</createdTime>
<ownerDesignName>RiskProfileandFundOffering</ownerDesignName>
<indexSort>SORTED</indexSort>
</PrimaryKey>
</primaryKeys>
</TableProxyOraclev12c>