<?xml version = '1.0' encoding = 'UTF-8'?>
<TableProxyOraclev12c class="oracle.dbtools.crest.model.design.storage.oracle.v12c.TableProxyOraclev12c" name="RM_Fee_Structures" directorySegmentName="seg_0" id="C9A81D73-B6CB-7415-C589-64699423049E">
<createdBy>associate</createdBy>
<createdTime>2022-03-23 19:10:47 UTC</createdTime>
<ownerDesignName>RiskProfileandFundOffering</ownerDesignName>
<logging>YES</logging>
<partitionedRowMovement>DISABLE</partitionedRowMovement>
<temporaryChanged>false</temporaryChanged>
<accessDriverType>oracle_loader</accessDriverType>
<rejectLimit></rejectLimit>
<columnProxies itemClass="oracle.dbtools.crest.model.design.storage.oracle.v12c.ColumnProxyOraclev12c">
<ColumnProxy name="Flat_Fee" id="06174A66-F823-2DDD-CD32-E49AC6534B6B">
<createdBy>associate</createdBy>
<createdTime>2022-03-23 19:10:47 UTC</createdTime>
<ownerDesignName>RiskProfileandFundOffering</ownerDesignName>
</ColumnProxy>
<ColumnProxy name="Fee_Structure_ID" id="65098F91-2D54-41CB-1952-F28A9EB2DCC6">
<createdBy>associate</createdBy>
<createdTime>2022-03-23 19:10:47 UTC</createdTime>
<ownerDesignName>RiskProfileandFundOffering</ownerDesignName>
</ColumnProxy>
<ColumnProxy name="Percentage_Fee" id="74EC7784-55CD-C821-F571-7AF43B149C55">
<createdBy>associate</createdBy>
<createdTime>2022-03-23 19:10:47 UTC</createdTime>
<ownerDesignName>RiskProfileandFundOffering</ownerDesignName>
</ColumnProxy>
</columnProxies>
<primaryKeys>
<PrimaryKey class="oracle.dbtools.crest.model.design.storage.oracle.v10g.PKProxyOraclev10g" name="RM_Fee_Structures_PK" id="485AA1D8-C79F-DBF6-2CA2-37CB7BF6598E">
<createdBy>associate</createdBy>
<createdTime>2022-03-23 19:10:47 UTC</createdTime>
<ownerDesignName>RiskProfileandFundOffering</ownerDesignName>
<indexSort>SORTED</indexSort>
</PrimaryKey>
</primaryKeys>
</TableProxyOraclev12c>