<?xml version = '1.0' encoding = 'UTF-8'?>
<TableProxyOraclev12c class="oracle.dbtools.crest.model.design.storage.oracle.v12c.TableProxyOraclev12c" name="RM_Questions" directorySegmentName="seg_0" id="EAC18AC3-B4F4-EAF8-11FA-23C4F4D31AA1">
<createdBy>associate</createdBy>
<createdTime>2022-03-23 19:10:47 UTC</createdTime>
<ownerDesignName>RiskProfileandFundOffering</ownerDesignName>
<logging>YES</logging>
<partitionedRowMovement>DISABLE</partitionedRowMovement>
<temporaryChanged>false</temporaryChanged>
<accessDriverType>oracle_loader</accessDriverType>
<rejectLimit></rejectLimit>
<columnProxies itemClass="oracle.dbtools.crest.model.design.storage.oracle.v12c.ColumnProxyOraclev12c">
<ColumnProxy name="Question_ID" id="718163DD-958E-862C-07F2-221908BF11D8">
<createdBy>associate</createdBy>
<createdTime>2022-03-23 19:10:47 UTC</createdTime>
<ownerDesignName>RiskProfileandFundOffering</ownerDesignName>
</ColumnProxy>
<ColumnProxy name="Question_Text" id="D04083EA-E1B6-441C-669D-82C1C3F53417">
<createdBy>associate</createdBy>
<createdTime>2022-03-23 19:10:47 UTC</createdTime>
<ownerDesignName>RiskProfileandFundOffering</ownerDesignName>
</ColumnProxy>
<ColumnProxy name="Question_Subject" id="D880E7A4-68EF-5DD8-77E1-6C836E0CF080">
<createdBy>associate</createdBy>
<createdTime>2022-03-23 19:10:47 UTC</createdTime>
<ownerDesignName>RiskProfileandFundOffering</ownerDesignName>
</ColumnProxy>
</columnProxies>
<primaryKeys>
<PrimaryKey class="oracle.dbtools.crest.model.design.storage.oracle.v10g.PKProxyOraclev10g" name="RM_Questions_PK" id="80C80246-7408-1494-C6D3-C4ABB50F3189">
<createdBy>associate</createdBy>
<createdTime>2022-03-23 19:10:47 UTC</createdTime>
<ownerDesignName>RiskProfileandFundOffering</ownerDesignName>
<indexSort>SORTED</indexSort>
</PrimaryKey>
</primaryKeys>
</TableProxyOraclev12c>