<?xml version = '1.0' encoding = 'UTF-8'?>
<Entity class="oracle.dbtools.crest.model.design.logical.Entity" directorySegmentName="seg_0" id="20D6757D-3C8A-7BFC-D40E-283907FF06EF" name="RM_Customer_Assets">
<createdBy>associate</createdBy>
<createdTime>2022-03-22 13:30:23 UTC</createdTime>
<ownerDesignName>RISK PROFILE AND FUND OFFERING</ownerDesignName>
<engineerTo>
<item key="98E11774-2A42-BC2F-4D84-2A738D6FD971" value="true"/>
</engineerTo>
<adequatelyNormalized>NO</adequatelyNormalized>
<expectedVolumes>0</expectedVolumes>
<fwdEngineeringStrategyName>Single Table</fwdEngineeringStrategyName>
<growthPercent>0</growthPercent>
<growthType>Year</growthType>
<maxVolumes>9999999</maxVolumes>
<minVolumes>0</minVolumes>
<normalForm>Third</normalForm>
<attributes itemClass="oracle.dbtools.crest.model.design.logical.Attribute">
<Attribute name="Customer_Asset_ID" id="8C76627C-A1B6-753D-FF8F-C91009EE9B49">
<createdBy>associate</createdBy>
<createdTime>2022-03-22 13:53:00 UTC</createdTime>
<ownerDesignName>RISK PROFILE AND FUND OFFERING</ownerDesignName>
<engineerTo>
<item key="98E11774-2A42-BC2F-4D84-2A738D6FD971" value="true"/>
</engineerTo>
<useDomainConstraints>false</useDomainConstraints>
<use>1</use>
<logicalDatatype>LOGDT011</logicalDatatype>
<ownDataTypeParameters>,,</ownDataTypeParameters>
</Attribute>
<Attribute name="Customer_ID" id="583896E3-C94F-E5AF-5499-35048907323E">
<createdBy>associate</createdBy>
<createdTime>2022-03-22 13:31:07 UTC</createdTime>
<ownerDesignName>RISK PROFILE AND FUND OFFERING</ownerDesignName>
<engineerTo>
<item key="98E11774-2A42-BC2F-4D84-2A738D6FD971" value="true"/>
</engineerTo>
<nullsAllowed>true</nullsAllowed>
<useDomainConstraints>false</useDomainConstraints>
<use>1</use>
<logicalDatatype>LOGDT011</logicalDatatype>
<ownDataTypeParameters>,,</ownDataTypeParameters>
</Attribute>
<Attribute name="Asset_Objective_ID" id="5F236B89-DE5C-0676-02A1-82563CEBDC9B">
<createdBy>associate</createdBy>
<createdTime>2022-03-22 13:33:30 UTC</createdTime>
<ownerDesignName>RISK PROFILE AND FUND OFFERING</ownerDesignName>
<engineerTo>
<item key="98E11774-2A42-BC2F-4D84-2A738D6FD971" value="true"/>
</engineerTo>
<nullsAllowed>true</nullsAllowed>
<useDomainConstraints>false</useDomainConstraints>
<use>1</use>
<logicalDatatype>LOGDT011</logicalDatatype>
<ownDataTypeParameters>,,</ownDataTypeParameters>
</Attribute>
<Attribute name="Total" id="69D248CB-B68E-330B-F354-94410C3F4CBD">
<createdBy>associate</createdBy>
<createdTime>2022-03-22 13:33:58 UTC</createdTime>
<ownerDesignName>RISK PROFILE AND FUND OFFERING</ownerDesignName>
<engineerTo>
<item key="98E11774-2A42-BC2F-4D84-2A738D6FD971" value="true"/>
</engineerTo>
<nullsAllowed>true</nullsAllowed>
<useDomainConstraints>false</useDomainConstraints>
<use>1</use>
<logicalDatatype>LOGDT011</logicalDatatype>
<ownDataTypeParameters>,,</ownDataTypeParameters>
</Attribute>
<Attribute name="Customer_ID1" id="4DBE34A9-0023-710D-8856-70E7C0E1CA85">
<createdBy>associate</createdBy>
<createdTime>2022-03-23 18:16:28 UTC</createdTime>
<generatorID>6CCDE4DF-07D2-9AE4-844D-BAE6508E4183</generatorID>
<ownerDesignName>RiskProfileandFundOffering</ownerDesignName>
<engineerTo>
<item key="98E11774-2A42-BC2F-4D84-2A738D6FD971" value="true"/>
</engineerTo>
<referedAttribute>BCC3A78A-C223-5623-1452-726B3E70C6E4</referedAttribute>
<useDomainConstraints>false</useDomainConstraints>
<use>1</use>
<logicalDatatype>LOGDT011</logicalDatatype>
<ownDataTypeParameters>,,</ownDataTypeParameters>
</Attribute>
<Attribute name="Asset_Objective_ID1" id="D9195BB5-EF60-FBAE-6D8C-DB232F7D9BD0">
<createdBy>associate</createdBy>
<createdTime>2022-03-23 18:16:55 UTC</createdTime>
<generatorID>403B75F9-837E-365F-B8BF-CB8A60AA0467</generatorID>
<ownerDesignName>RiskProfileandFundOffering</ownerDesignName>
<engineerTo>
<item key="98E11774-2A42-BC2F-4D84-2A738D6FD971" value="true"/>
</engineerTo>
<referedAttribute>C14BF841-CA49-DCA0-E361-FBAB57C08CC8</referedAttribute>
<useDomainConstraints>false</useDomainConstraints>
<use>1</use>
<logicalDatatype>LOGDT011</logicalDatatype>
<ownDataTypeParameters>,,</ownDataTypeParameters>
</Attribute>
</attributes>
<identifiers itemClass="oracle.dbtools.crest.model.design.logical.CandidateKey">
<identifier id="7F2A189A-B9C3-7D69-13F0-81FF236D3277" name="Customer_Assets PK">
<createdBy>associate</createdBy>
<createdTime>2022-03-22 14:41:20 UTC</createdTime>
<ownerDesignName>RISK PROFILE AND FUND OFFERING</ownerDesignName>
<shouldEngineer>false</shouldEngineer>
<engineerTo>
<item key="98E11774-2A42-BC2F-4D84-2A738D6FD971" value="false"/>
</engineerTo>
<pk>true</pk>
<usedAttributes>
<attributeRef>8C76627C-A1B6-753D-FF8F-C91009EE9B49</attributeRef>
</usedAttributes>
</identifier>
</identifiers>
</Entity>