<?xml version = '1.0' encoding = 'UTF-8'?>
<Entity class="oracle.dbtools.crest.model.design.logical.Entity" directorySegmentName="seg_0" id="88EF6748-581C-0952-A3B7-927D99138E7C" name="RM_Fund_Assets">
<createdBy>associate</createdBy>
<createdTime>2022-03-22 14:38:13 UTC</createdTime>
<ownerDesignName>RISK PROFILE AND FUND OFFERING</ownerDesignName>
<engineerTo>
<item key="98E11774-2A42-BC2F-4D84-2A738D6FD971" value="true"/>
</engineerTo>
<adequatelyNormalized>NO</adequatelyNormalized>
<expectedVolumes>0</expectedVolumes>
<fwdEngineeringStrategyName>Single Table</fwdEngineeringStrategyName>
<growthPercent>0</growthPercent>
<growthType>Year</growthType>
<maxVolumes>9999999</maxVolumes>
<minVolumes>0</minVolumes>
<normalForm>Third</normalForm>
<attributes itemClass="oracle.dbtools.crest.model.design.logical.Attribute">
<Attribute name="Fund_Asset_ID" id="780FADE9-F081-4B4C-9877-DE02AF719635">
<createdBy>associate</createdBy>
<createdTime>2022-03-22 14:38:35 UTC</createdTime>
<ownerDesignName>RISK PROFILE AND FUND OFFERING</ownerDesignName>
<engineerTo>
<item key="98E11774-2A42-BC2F-4D84-2A738D6FD971" value="true"/>
</engineerTo>
<useDomainConstraints>false</useDomainConstraints>
<use>1</use>
<logicalDatatype>LOGDT011</logicalDatatype>
<ownDataTypeParameters>,,</ownDataTypeParameters>
</Attribute>
<Attribute name="Fund_ID" id="4EC51FD1-D69B-8D07-082F-BF706809F4B0">
<createdBy>associate</createdBy>
<createdTime>2022-03-22 14:38:55 UTC</createdTime>
<ownerDesignName>RISK PROFILE AND FUND OFFERING</ownerDesignName>
<engineerTo>
<item key="98E11774-2A42-BC2F-4D84-2A738D6FD971" value="true"/>
</engineerTo>
<nullsAllowed>true</nullsAllowed>
<useDomainConstraints>false</useDomainConstraints>
<use>1</use>
<logicalDatatype>LOGDT011</logicalDatatype>
<ownDataTypeParameters>,,</ownDataTypeParameters>
</Attribute>
<Attribute name="Asset_Class_ID" id="68F1AF08-4043-CAB2-FE95-65EE380D8DBC">
<createdBy>associate</createdBy>
<createdTime>2022-03-22 14:39:18 UTC</createdTime>
<ownerDesignName>RISK PROFILE AND FUND OFFERING</ownerDesignName>
<engineerTo>
<item key="98E11774-2A42-BC2F-4D84-2A738D6FD971" value="true"/>
</engineerTo>
<nullsAllowed>true</nullsAllowed>
<useDomainConstraints>false</useDomainConstraints>
<use>1</use>
<logicalDatatype>LOGDT011</logicalDatatype>
<ownDataTypeParameters>,,</ownDataTypeParameters>
</Attribute>
<Attribute name="Percent_Of_Fund" id="64534FB3-D1C1-F182-CA7B-0D63C338B23A">
<createdBy>associate</createdBy>
<createdTime>2022-03-22 14:39:39 UTC</createdTime>
<ownerDesignName>RISK PROFILE AND FUND OFFERING</ownerDesignName>
<engineerTo>
<item key="98E11774-2A42-BC2F-4D84-2A738D6FD971" value="true"/>
</engineerTo>
<nullsAllowed>true</nullsAllowed>
<useDomainConstraints>false</useDomainConstraints>
<use>1</use>
<logicalDatatype>LOGDT019</logicalDatatype>
<dataTypePrecision>8</dataTypePrecision>
<dataTypeScale>2</dataTypeScale>
<ownDataTypeParameters>,8,2</ownDataTypeParameters>
</Attribute>
<Attribute name="Fund_ID1" id="DA814E34-681F-26C5-3C5A-156D650B8084">
<createdBy>associate</createdBy>
<createdTime>2022-03-23 18:29:33 UTC</createdTime>
<generatorID>7FF67152-2625-87E4-992A-3E812F339046</generatorID>
<ownerDesignName>RiskProfileandFundOffering</ownerDesignName>
<engineerTo>
<item key="98E11774-2A42-BC2F-4D84-2A738D6FD971" value="true"/>
</engineerTo>
<referedAttribute>8E22B36E-708E-8BF2-695A-662441777D48</referedAttribute>
<useDomainConstraints>false</useDomainConstraints>
<use>1</use>
<logicalDatatype>LOGDT019</logicalDatatype>
<dataTypePrecision>6</dataTypePrecision>
<ownDataTypeParameters>,,</ownDataTypeParameters>
</Attribute>
<Attribute name="Asset_Class_ID1" id="CAC4854B-057D-0B67-88C7-DBCAB78C72A6">
<createdBy>associate</createdBy>
<createdTime>2022-03-23 18:30:17 UTC</createdTime>
<generatorID>EC8A1033-60B9-5789-31A0-1ECFF8279D27</generatorID>
<ownerDesignName>RiskProfileandFundOffering</ownerDesignName>
<engineerTo>
<item key="98E11774-2A42-BC2F-4D84-2A738D6FD971" value="true"/>
</engineerTo>
<referedAttribute>25F177A5-E1CC-A4BC-6954-87AF732AC404</referedAttribute>
<useDomainConstraints>false</useDomainConstraints>
<use>1</use>
<logicalDatatype>LOGDT011</logicalDatatype>
<ownDataTypeParameters>,,</ownDataTypeParameters>
</Attribute>
</attributes>
<identifiers itemClass="oracle.dbtools.crest.model.design.logical.CandidateKey">
<identifier id="DBB3FAE1-38E4-EEA4-BEFE-343989F8967C" name="Fund_Assets PK">
<createdBy>associate</createdBy>
<createdTime>2022-03-22 14:40:33 UTC</createdTime>
<ownerDesignName>RISK PROFILE AND FUND OFFERING</ownerDesignName>
<shouldEngineer>false</shouldEngineer>
<engineerTo>
<item key="98E11774-2A42-BC2F-4D84-2A738D6FD971" value="false"/>
</engineerTo>
<pk>true</pk>
<usedAttributes>
<attributeRef>780FADE9-F081-4B4C-9877-DE02AF719635</attributeRef>
</usedAttributes>
</identifier>
</identifiers>
</Entity>