<?xml version = '1.0' encoding = 'UTF-8'?>
<Entity class="oracle.dbtools.crest.model.design.logical.Entity" directorySegmentName="seg_0" id="9D2C47BF-EE50-0B99-FC88-958F25E718F8" name="RM_Asset_Objective">
<createdBy>associate</createdBy>
<createdTime>2022-03-22 13:41:58 UTC</createdTime>
<ownerDesignName>RISK PROFILE AND FUND OFFERING</ownerDesignName>
<engineerTo>
<item key="98E11774-2A42-BC2F-4D84-2A738D6FD971" value="true"/>
</engineerTo>
<adequatelyNormalized>NO</adequatelyNormalized>
<expectedVolumes>0</expectedVolumes>
<fwdEngineeringStrategyName>Single Table</fwdEngineeringStrategyName>
<growthPercent>0</growthPercent>
<growthType>Year</growthType>
<maxVolumes>9999999</maxVolumes>
<minVolumes>0</minVolumes>
<normalForm>Third</normalForm>
<attributes itemClass="oracle.dbtools.crest.model.design.logical.Attribute">
<Attribute name="Asset_Objective_ID" id="C14BF841-CA49-DCA0-E361-FBAB57C08CC8">
<createdBy>associate</createdBy>
<createdTime>2022-03-22 13:42:33 UTC</createdTime>
<ownerDesignName>RISK PROFILE AND FUND OFFERING</ownerDesignName>
<engineerTo>
<item key="98E11774-2A42-BC2F-4D84-2A738D6FD971" value="true"/>
</engineerTo>
<useDomainConstraints>false</useDomainConstraints>
<use>1</use>
<logicalDatatype>LOGDT011</logicalDatatype>
<ownDataTypeParameters>,,</ownDataTypeParameters>
</Attribute>
<Attribute name="Asset_Objective_Name" id="6F76974E-37E0-D3C9-78A6-CDF2CB58F663">
<createdBy>associate</createdBy>
<createdTime>2022-03-22 13:43:18 UTC</createdTime>
<ownerDesignName>RISK PROFILE AND FUND OFFERING</ownerDesignName>
<engineerTo>
<item key="98E11774-2A42-BC2F-4D84-2A738D6FD971" value="true"/>
</engineerTo>
<nullsAllowed>true</nullsAllowed>
<useDomainConstraints>false</useDomainConstraints>
<use>1</use>
<logicalDatatype>LOGDT024</logicalDatatype>
<dataTypeSize>50</dataTypeSize>
<ownDataTypeParameters>50,,</ownDataTypeParameters>
</Attribute>
</attributes>
<identifiers itemClass="oracle.dbtools.crest.model.design.logical.CandidateKey">
<identifier id="1DAD2B74-216D-9F75-D904-9321BCCBC37D" name="Asset_Objective PK">
<createdBy>associate</createdBy>
<createdTime>2022-03-22 13:43:06 UTC</createdTime>
<ownerDesignName>RISK PROFILE AND FUND OFFERING</ownerDesignName>
<shouldEngineer>false</shouldEngineer>
<engineerTo>
<item key="98E11774-2A42-BC2F-4D84-2A738D6FD971" value="false"/>
</engineerTo>
<pk>true</pk>
<usedAttributes>
<attributeRef>C14BF841-CA49-DCA0-E361-FBAB57C08CC8</attributeRef>
</usedAttributes>
</identifier>
</identifiers>
</Entity>