<?xml version = '1.0' encoding = 'UTF-8'?>
<Entity class="oracle.dbtools.crest.model.design.logical.Entity" directorySegmentName="seg_0" id="B946627F-7165-720D-A28A-63B013F3D6B9" name="RM_Engagement_Type">
<createdBy>associate</createdBy>
<createdTime>2022-03-23 09:32:20 UTC</createdTime>
<ownerDesignName>RiskProfileandFundOffering</ownerDesignName>
<engineerTo>
<item key="98E11774-2A42-BC2F-4D84-2A738D6FD971" value="true"/>
</engineerTo>
<adequatelyNormalized>NO</adequatelyNormalized>
<expectedVolumes>0</expectedVolumes>
<fwdEngineeringStrategyName>Single Table</fwdEngineeringStrategyName>
<growthPercent>0</growthPercent>
<growthType>Year</growthType>
<maxVolumes>9999999</maxVolumes>
<minVolumes>0</minVolumes>
<normalForm>Third</normalForm>
<attributes itemClass="oracle.dbtools.crest.model.design.logical.Attribute">
<Attribute name="Engagement_Type_ID" id="D20F96B0-63E6-1D58-5C83-4CEB47E49A8F">
<createdBy>associate</createdBy>
<createdTime>2022-03-23 09:32:36 UTC</createdTime>
<ownerDesignName>RiskProfileandFundOffering</ownerDesignName>
<engineerTo>
<item key="98E11774-2A42-BC2F-4D84-2A738D6FD971" value="true"/>
</engineerTo>
<useDomainConstraints>false</useDomainConstraints>
<use>1</use>
<logicalDatatype>LOGDT011</logicalDatatype>
<ownDataTypeParameters>,,</ownDataTypeParameters>
</Attribute>
<Attribute name="Engagement_Type_Name" id="6545892B-2674-5D98-9382-A2147BCE146C">
<createdBy>associate</createdBy>
<createdTime>2022-03-23 09:33:36 UTC</createdTime>
<ownerDesignName>RiskProfileandFundOffering</ownerDesignName>
<engineerTo>
<item key="98E11774-2A42-BC2F-4D84-2A738D6FD971" value="true"/>
</engineerTo>
<nullsAllowed>true</nullsAllowed>
<useDomainConstraints>false</useDomainConstraints>
<use>1</use>
<logicalDatatype>LOGDT024</logicalDatatype>
<dataTypeSize>50</dataTypeSize>
<ownDataTypeParameters>50,,</ownDataTypeParameters>
</Attribute>
</attributes>
<identifiers itemClass="oracle.dbtools.crest.model.design.logical.CandidateKey">
<identifier id="12A50D9B-927A-6F9F-23DF-E9DF687F4C8F" name="Engagement_Type PK">
<createdBy>associate</createdBy>
<createdTime>2022-03-23 09:33:35 UTC</createdTime>
<ownerDesignName>RiskProfileandFundOffering</ownerDesignName>
<shouldEngineer>false</shouldEngineer>
<engineerTo>
<item key="98E11774-2A42-BC2F-4D84-2A738D6FD971" value="false"/>
</engineerTo>
<pk>true</pk>
<usedAttributes>
<attributeRef>D20F96B0-63E6-1D58-5C83-4CEB47E49A8F</attributeRef>
</usedAttributes>
</identifier>
</identifiers>
</Entity>