<?xml version = '1.0' encoding = 'UTF-8'?>
<Entity class="oracle.dbtools.crest.model.design.logical.Entity" directorySegmentName="seg_0" id="BB5B4B20-6BA3-8CB5-F5D6-97039E66C236" name="RM_Engagement_Frequencies">
<createdBy>associate</createdBy>
<createdTime>2022-03-23 09:34:29 UTC</createdTime>
<ownerDesignName>RiskProfileandFundOffering</ownerDesignName>
<engineerTo>
<item key="98E11774-2A42-BC2F-4D84-2A738D6FD971" value="true"/>
</engineerTo>
<adequatelyNormalized>NO</adequatelyNormalized>
<expectedVolumes>0</expectedVolumes>
<fwdEngineeringStrategyName>Single Table</fwdEngineeringStrategyName>
<growthPercent>0</growthPercent>
<growthType>Year</growthType>
<maxVolumes>9999999</maxVolumes>
<minVolumes>0</minVolumes>
<normalForm>Third</normalForm>
<attributes itemClass="oracle.dbtools.crest.model.design.logical.Attribute">
<Attribute name="Frequency_ID" id="F1299F50-9747-0D65-72FD-9F2CF0F57842">
<createdBy>associate</createdBy>
<createdTime>2022-03-23 09:35:04 UTC</createdTime>
<ownerDesignName>RiskProfileandFundOffering</ownerDesignName>
<engineerTo>
<item key="98E11774-2A42-BC2F-4D84-2A738D6FD971" value="true"/>
</engineerTo>
<useDomainConstraints>false</useDomainConstraints>
<use>1</use>
<logicalDatatype>LOGDT011</logicalDatatype>
<ownDataTypeParameters>,,</ownDataTypeParameters>
</Attribute>
<Attribute name="Frequency_Name" id="FCDF0526-F5D4-263E-334B-170DED733600">
<createdBy>associate</createdBy>
<createdTime>2022-03-23 09:35:35 UTC</createdTime>
<ownerDesignName>RiskProfileandFundOffering</ownerDesignName>
<engineerTo>
<item key="98E11774-2A42-BC2F-4D84-2A738D6FD971" value="true"/>
</engineerTo>
<nullsAllowed>true</nullsAllowed>
<useDomainConstraints>false</useDomainConstraints>
<use>1</use>
<logicalDatatype>LOGDT024</logicalDatatype>
<dataTypeSize>50</dataTypeSize>
<ownDataTypeParameters>50,,</ownDataTypeParameters>
</Attribute>
</attributes>
<identifiers itemClass="oracle.dbtools.crest.model.design.logical.CandidateKey">
<identifier id="F902D852-4EB5-11AB-8DC8-A8D6D51D0C84" name="Engagement_Frequencies PK">
<createdBy>associate</createdBy>
<createdTime>2022-03-23 09:35:33 UTC</createdTime>
<ownerDesignName>RiskProfileandFundOffering</ownerDesignName>
<shouldEngineer>false</shouldEngineer>
<engineerTo>
<item key="98E11774-2A42-BC2F-4D84-2A738D6FD971" value="false"/>
</engineerTo>
<pk>true</pk>
<usedAttributes>
<attributeRef>F1299F50-9747-0D65-72FD-9F2CF0F57842</attributeRef>
</usedAttributes>
</identifier>
</identifiers>
</Entity>