<?xml version = '1.0' encoding = 'UTF-8'?>
<Entity class="oracle.dbtools.crest.model.design.logical.Entity" directorySegmentName="seg_0" id="C4F21553-CFD8-C962-6166-EC36DF9113B3" name="Customer_Engagement_Preferences">
<createdBy>associate</createdBy>
<createdTime>2022-03-23 17:39:36 UTC</createdTime>
<ownerDesignName>RiskProfileandFundOffering</ownerDesignName>
<engineerTo>
<item key="98E11774-2A42-BC2F-4D84-2A738D6FD971" value="true"/>
</engineerTo>
<adequatelyNormalized>NO</adequatelyNormalized>
<expectedVolumes>0</expectedVolumes>
<fwdEngineeringStrategyName>Single Table</fwdEngineeringStrategyName>
<growthPercent>0</growthPercent>
<growthType>Year</growthType>
<maxVolumes>9999999</maxVolumes>
<minVolumes>0</minVolumes>
<normalForm>Third</normalForm>
<attributes itemClass="oracle.dbtools.crest.model.design.logical.Attribute">
<Attribute name="Customer_ID" id="6881912F-A5D7-E93B-3A5D-54C8B67F21F1">
<createdBy>associate</createdBy>
<createdTime>2022-03-23 17:40:01 UTC</createdTime>
<ownerDesignName>RiskProfileandFundOffering</ownerDesignName>
<engineerTo>
<item key="98E11774-2A42-BC2F-4D84-2A738D6FD971" value="true"/>
</engineerTo>
<useDomainConstraints>false</useDomainConstraints>
<use>1</use>
<logicalDatatype>LOGDT011</logicalDatatype>
<ownDataTypeParameters>,,</ownDataTypeParameters>
</Attribute>
<Attribute name="Engagement_Type_ID" id="E113BC62-EB8F-20D2-4471-FAEF2A6213F4">
<createdBy>associate</createdBy>
<createdTime>2022-03-23 17:40:58 UTC</createdTime>
<ownerDesignName>RiskProfileandFundOffering</ownerDesignName>
<engineerTo>
<item key="98E11774-2A42-BC2F-4D84-2A738D6FD971" value="true"/>
</engineerTo>
<nullsAllowed>true</nullsAllowed>
<useDomainConstraints>false</useDomainConstraints>
<use>1</use>
<logicalDatatype>LOGDT011</logicalDatatype>
<ownDataTypeParameters>,,</ownDataTypeParameters>
</Attribute>
<Attribute name="Frequency_ID" id="238EED13-D1FA-1982-7B4A-9A25520FA56F">
<createdBy>associate</createdBy>
<createdTime>2022-03-23 17:41:24 UTC</createdTime>
<ownerDesignName>RiskProfileandFundOffering</ownerDesignName>
<engineerTo>
<item key="98E11774-2A42-BC2F-4D84-2A738D6FD971" value="true"/>
</engineerTo>
<nullsAllowed>true</nullsAllowed>
<useDomainConstraints>false</useDomainConstraints>
<use>1</use>
<logicalDatatype>LOGDT011</logicalDatatype>
<ownDataTypeParameters>,,</ownDataTypeParameters>
</Attribute>
<Attribute name="Customer_ID1" id="44CF2D9F-7CE4-96F9-28EF-6B34363668E1">
<createdBy>associate</createdBy>
<createdTime>2022-03-23 17:44:49 UTC</createdTime>
<generatorID>9085E28F-DBD9-C1AC-969D-6EF2D268A867</generatorID>
<ownerDesignName>RiskProfileandFundOffering</ownerDesignName>
<engineerTo>
<item key="98E11774-2A42-BC2F-4D84-2A738D6FD971" value="true"/>
</engineerTo>
<referedAttribute>BCC3A78A-C223-5623-1452-726B3E70C6E4</referedAttribute>
<useDomainConstraints>false</useDomainConstraints>
<use>1</use>
<logicalDatatype>LOGDT011</logicalDatatype>
<ownDataTypeParameters>,,</ownDataTypeParameters>
</Attribute>
<Attribute name="Engagement_Type_ID1" id="BFC725BE-84E5-4551-867E-D2938CC69E33">
<createdBy>associate</createdBy>
<createdTime>2022-03-23 17:52:51 UTC</createdTime>
<generatorID>62963476-1315-5759-7C21-50421BE6FEF1</generatorID>
<ownerDesignName>RiskProfileandFundOffering</ownerDesignName>
<engineerTo>
<item key="98E11774-2A42-BC2F-4D84-2A738D6FD971" value="true"/>
</engineerTo>
<referedAttribute>D20F96B0-63E6-1D58-5C83-4CEB47E49A8F</referedAttribute>
<useDomainConstraints>false</useDomainConstraints>
<use>1</use>
<logicalDatatype>LOGDT011</logicalDatatype>
<ownDataTypeParameters>,,</ownDataTypeParameters>
</Attribute>
<Attribute name="Frequency_ID1" id="461E1BD0-6C10-0F4D-9074-FD4BA3CBD6D2">
<createdBy>associate</createdBy>
<createdTime>2022-03-23 17:58:12 UTC</createdTime>
<generatorID>76A2B925-ECCD-11F4-E098-E71FDA9D9E9D</generatorID>
<ownerDesignName>RiskProfileandFundOffering</ownerDesignName>
<engineerTo>
<item key="98E11774-2A42-BC2F-4D84-2A738D6FD971" value="true"/>
</engineerTo>
<referedAttribute>F1299F50-9747-0D65-72FD-9F2CF0F57842</referedAttribute>
<useDomainConstraints>false</useDomainConstraints>
<use>1</use>
<logicalDatatype>LOGDT011</logicalDatatype>
<ownDataTypeParameters>,,</ownDataTypeParameters>
</Attribute>
</attributes>
<identifiers itemClass="oracle.dbtools.crest.model.design.logical.CandidateKey">
<identifier id="59B71777-8ED1-207A-6C9B-BA3CE5530891" name="Customer_Engagement_Preferences PK">
<createdBy>associate</createdBy>
<createdTime>2022-03-23 17:42:20 UTC</createdTime>
<ownerDesignName>RiskProfileandFundOffering</ownerDesignName>
<engineerTo>
<item key="98E11774-2A42-BC2F-4D84-2A738D6FD971" value="true"/>
</engineerTo>
<pk>true</pk>
<usedAttributes>
<attributeRef>6881912F-A5D7-E93B-3A5D-54C8B67F21F1</attributeRef>
</usedAttributes>
</identifier>
</identifiers>
</Entity>