<?xml version = '1.0' encoding = 'UTF-8'?>
<Entity class="oracle.dbtools.crest.model.design.logical.Entity" directorySegmentName="seg_0" id="E6326F8F-EF26-A073-7B35-E84CFBB7BF73" name="RM_Customer_Answers">
<createdBy>associate</createdBy>
<createdTime>2022-03-22 13:47:05 UTC</createdTime>
<ownerDesignName>RISK PROFILE AND FUND OFFERING</ownerDesignName>
<engineerTo>
<item key="98E11774-2A42-BC2F-4D84-2A738D6FD971" value="true"/>
</engineerTo>
<adequatelyNormalized>NO</adequatelyNormalized>
<expectedVolumes>0</expectedVolumes>
<fwdEngineeringStrategyName>Single Table</fwdEngineeringStrategyName>
<growthPercent>0</growthPercent>
<growthType>Year</growthType>
<maxVolumes>9999999</maxVolumes>
<minVolumes>0</minVolumes>
<normalForm>Third</normalForm>
<attributes itemClass="oracle.dbtools.crest.model.design.logical.Attribute">
<Attribute name="Customer_Answer_ID" id="DE761625-D322-3C1E-A8D6-05D8B1AC6661">
<createdBy>associate</createdBy>
<createdTime>2022-03-22 13:47:20 UTC</createdTime>
<ownerDesignName>RISK PROFILE AND FUND OFFERING</ownerDesignName>
<engineerTo>
<item key="98E11774-2A42-BC2F-4D84-2A738D6FD971" value="true"/>
</engineerTo>
<useDomainConstraints>false</useDomainConstraints>
<use>1</use>
<logicalDatatype>LOGDT011</logicalDatatype>
<ownDataTypeParameters>,,</ownDataTypeParameters>
</Attribute>
<Attribute name="Customer_ID" id="85B01496-CCFB-1285-F87E-2EBC3E6402DF">
<createdBy>associate</createdBy>
<createdTime>2022-03-22 13:48:02 UTC</createdTime>
<ownerDesignName>RISK PROFILE AND FUND OFFERING</ownerDesignName>
<engineerTo>
<item key="98E11774-2A42-BC2F-4D84-2A738D6FD971" value="true"/>
</engineerTo>
<nullsAllowed>true</nullsAllowed>
<useDomainConstraints>false</useDomainConstraints>
<use>1</use>
<logicalDatatype>LOGDT011</logicalDatatype>
<ownDataTypeParameters>,,</ownDataTypeParameters>
</Attribute>
<Attribute name="Question_ID" id="5D39CAB5-03D5-ECFA-76E0-1C1003287801">
<createdBy>associate</createdBy>
<createdTime>2022-03-22 13:48:18 UTC</createdTime>
<ownerDesignName>RISK PROFILE AND FUND OFFERING</ownerDesignName>
<engineerTo>
<item key="98E11774-2A42-BC2F-4D84-2A738D6FD971" value="true"/>
</engineerTo>
<nullsAllowed>true</nullsAllowed>
<useDomainConstraints>false</useDomainConstraints>
<use>1</use>
<logicalDatatype>LOGDT011</logicalDatatype>
<ownDataTypeParameters>,,</ownDataTypeParameters>
</Attribute>
<Attribute name="Answer_ID" id="EB8258DA-44BE-B8D7-EDD4-12CEB9ED5E41">
<createdBy>associate</createdBy>
<createdTime>2022-03-22 13:48:34 UTC</createdTime>
<ownerDesignName>RISK PROFILE AND FUND OFFERING</ownerDesignName>
<engineerTo>
<item key="98E11774-2A42-BC2F-4D84-2A738D6FD971" value="true"/>
</engineerTo>
<nullsAllowed>true</nullsAllowed>
<useDomainConstraints>false</useDomainConstraints>
<use>1</use>
<logicalDatatype>LOGDT011</logicalDatatype>
<ownDataTypeParameters>,,</ownDataTypeParameters>
</Attribute>
</attributes>
<identifiers itemClass="oracle.dbtools.crest.model.design.logical.CandidateKey">
<identifier id="54D1A1EC-EF12-5DA0-2327-2B08110F965F" name="Customer_Answers PK">
<createdBy>associate</createdBy>
<createdTime>2022-03-22 13:57:54 UTC</createdTime>
<ownerDesignName>RISK PROFILE AND FUND OFFERING</ownerDesignName>
<shouldEngineer>false</shouldEngineer>
<engineerTo>
<item key="98E11774-2A42-BC2F-4D84-2A738D6FD971" value="false"/>
</engineerTo>
<pk>true</pk>
<usedAttributes>
<attributeRef>DE761625-D322-3C1E-A8D6-05D8B1AC6661</attributeRef>
</usedAttributes>
</identifier>
</identifiers>
</Entity>