<?xml version = '1.0' encoding = 'UTF-8'?>
<Diagram class="oracle.dbtools.crest.swingui.logical.DPVLogical" name="Logical" id="22064428-B393-A512-EACA-E127A3A25C6B">
<createdBy>associate</createdBy>
<modifiedBy>associate</modifiedBy>
<createdTime>2022-03-22 13:15:31 UTC</createdTime>
<autoRoute>false</autoRoute>
<boxInbox>true</boxInbox>
<showLegend>false</showLegend>
<showLabels>false</showLabels>
<showRelAttributes>false</showRelAttributes>
<gridEnabled>false</gridEnabled>
<showGrid>false</showGrid>
<diagramColor>-1</diagramColor>
<display>false</display>
<notation>1</notation>
<objectViews>
<OView class="oracle.dbtools.crest.swingui.logical.TVEntity" oid="001347CF-FF1C-D918-8EDE-5F828E3C51C8" otype="Entity" vid="9BAD4308-B7EC-938A-C064-1D579426A704">
<hideElementsInCurrentOnly>false</hideElementsInCurrentOnly>
<bounds x="508" y="82" width="170" height="111"/>
</OView>
<OView class="oracle.dbtools.crest.swingui.logical.TVEntity" oid="07A4638F-35F9-6FAB-6C66-B3D443A5E2D0" otype="Entity" vid="C83E6104-D7B1-1C8B-7DB8-C3C6540CD752">
<hideElementsInCurrentOnly>false</hideElementsInCurrentOnly>
<bounds x="723" y="230" width="170" height="111"/>
</OView>
<OView class="oracle.dbtools.crest.swingui.logical.TVEntity" oid="1F7BD084-8235-D672-6032-BC34DF743182" otype="Entity" vid="F6844150-039B-D5F8-08D3-9987DB01B8A5">
<hideElementsInCurrentOnly>false</hideElementsInCurrentOnly>
<bounds x="412" y="434" width="170" height="111"/>
</OView>
<OView class="oracle.dbtools.crest.swingui.logical.TVEntity" oid="20D6757D-3C8A-7BFC-D40E-283907FF06EF" otype="Entity" vid="49191565-49AA-9A59-62DA-8581FA2F0400">
<hideElementsInCurrentOnly>false</hideElementsInCurrentOnly>
<bounds x="705" y="91" width="170" height="111"/>
</OView>
<OView class="oracle.dbtools.crest.swingui.logical.TVEntity" oid="29D5B4E8-802E-69F9-52EB-380C0024EDEB" otype="Entity" vid="F987BEC3-FE82-FA74-ABB0-D1D1B1A19732">
<hideElementsInCurrentOnly>false</hideElementsInCurrentOnly>
<bounds x="629" y="431" width="170" height="111"/>
</OView>
<OView class="oracle.dbtools.crest.swingui.logical.TVEntity" oid="33CF152C-3436-22F7-5BC4-80A8CC039C0B" otype="Entity" vid="B35AEBCA-6E22-E959-1AA7-91F90D825809">
<hideElementsInCurrentOnly>false</hideElementsInCurrentOnly>
<bounds x="980" y="536" width="170" height="111"/>
</OView>
<OView class="oracle.dbtools.crest.swingui.logical.TVEntity" oid="88EF6748-581C-0952-A3B7-927D99138E7C" otype="Entity" vid="65D85B4E-9551-C4AE-AB49-297B1897CEF1">
<hideElementsInCurrentOnly>false</hideElementsInCurrentOnly>
<bounds x="970" y="379" width="170" height="111"/>
</OView>
<OView class="oracle.dbtools.crest.swingui.logical.TVEntity" oid="9D2C47BF-EE50-0B99-FC88-958F25E718F8" otype="Entity" vid="C78E6CAC-EE6D-994E-C7B8-11BF6259324A">
<hideElementsInCurrentOnly>false</hideElementsInCurrentOnly>
<bounds x="921" y="86" width="170" height="111"/>
</OView>
<OView class="oracle.dbtools.crest.swingui.logical.TVEntity" oid="A8864B4A-8126-46E9-B5FF-A234FF71F0A5" otype="Entity" vid="C1489B66-C385-E359-518D-3CA10F019D4B">
<hideElementsInCurrentOnly>false</hideElementsInCurrentOnly>
<bounds x="930" y="229" width="170" height="111"/>
</OView>
<OView class="oracle.dbtools.crest.swingui.logical.TVEntity" oid="B3D394E6-0C92-15F3-1926-5BC67EE0E6A9" otype="Entity" vid="444BAEC5-07F3-07E0-5E6B-08353ECE064A">
<hideElementsInCurrentOnly>false</hideElementsInCurrentOnly>
<bounds x="1183" y="524" width="166" height="109"/>
</OView>
<OView class="oracle.dbtools.crest.swingui.logical.TVEntity" oid="B946627F-7165-720D-A28A-63B013F3D6B9" otype="Entity" vid="E7B35256-982E-2355-C08E-15F72F81D40E">
<hideElementsInCurrentOnly>false</hideElementsInCurrentOnly>
<bounds x="103" y="38" width="170" height="111"/>
</OView>
<OView class="oracle.dbtools.crest.swingui.logical.TVEntity" oid="BB5B4B20-6BA3-8CB5-F5D6-97039E66C236" otype="Entity" vid="3333B52B-E87A-A245-9906-DD435F98935C">
<hideElementsInCurrentOnly>false</hideElementsInCurrentOnly>
<bounds x="100" y="164" width="170" height="111"/>
</OView>
<OView class="oracle.dbtools.crest.swingui.logical.TVEntity" oid="C4F21553-CFD8-C962-6166-EC36DF9113B3" otype="Entity" vid="B958B98F-A760-7C4F-46BA-7FF62B621062">
<hideElementsInCurrentOnly>false</hideElementsInCurrentOnly>
<bounds x="308" y="106" width="170" height="110"/>
</OView>
<OView class="oracle.dbtools.crest.swingui.logical.TVEntity" oid="E6326F8F-EF26-A073-7B35-E84CFBB7BF73" otype="Entity" vid="4B026D07-DF5E-919B-1963-87E5A1984880">
<hideElementsInCurrentOnly>false</hideElementsInCurrentOnly>
<bounds x="406" y="278" width="170" height="111"/>
</OView>
</objectViews>
<connectors>
<Connector class="oracle.dbtools.crest.swingui.logical.TVRelation" oid="04172392-0860-D057-94EA-C8AD0038BAC3" otype="Relation" vid_source="F6844150-039B-D5F8-08D3-9987DB01B8A5" vid_target="4B026D07-DF5E-919B-1963-87E5A1984880">
<hideElementsInCurrentOnly>false</hideElementsInCurrentOnly>
<backgroundColor>-16777216</backgroundColor>
<lineWidth>1</lineWidth>
<points>
<point x="494" y="434"/>
<point x="494" y="389"/>
</points>
</Connector>
<Connector class="oracle.dbtools.crest.swingui.logical.TVRelation" oid="403B75F9-837E-365F-B8BF-CB8A60AA0467" otype="Relation" vid_source="49191565-49AA-9A59-62DA-8581FA2F0400" vid_target="C78E6CAC-EE6D-994E-C7B8-11BF6259324A">
<hideElementsInCurrentOnly>false</hideElementsInCurrentOnly>
<backgroundColor>-16777216</backgroundColor>
<lineWidth>1</lineWidth>
<points>
<point x="875" y="144"/>
<point x="921" y="144"/>
</points>
</Connector>
<Connector class="oracle.dbtools.crest.swingui.logical.TVRelation" oid="62963476-1315-5759-7C21-50421BE6FEF1" otype="Relation" vid_source="E7B35256-982E-2355-C08E-15F72F81D40E" vid_target="B958B98F-A760-7C4F-46BA-7FF62B621062">
<hideElementsInCurrentOnly>false</hideElementsInCurrentOnly>
<backgroundColor>-16777216</backgroundColor>
<lineWidth>1</lineWidth>
<points>
<point x="273" y="127"/>
<point x="308" y="127"/>
</points>
</Connector>
<Connector class="oracle.dbtools.crest.swingui.logical.TVRelation" oid="6CCDE4DF-07D2-9AE4-844D-BAE6508E4183" otype="Relation" vid_source="9BAD4308-B7EC-938A-C064-1D579426A704" vid_target="49191565-49AA-9A59-62DA-8581FA2F0400">
<hideElementsInCurrentOnly>false</hideElementsInCurrentOnly>
<backgroundColor>-16777216</backgroundColor>
<lineWidth>1</lineWidth>
<points>
<point x="678" y="142"/>
<point x="705" y="142"/>
</points>
</Connector>
<Connector class="oracle.dbtools.crest.swingui.logical.TVRelation" oid="76A2B925-ECCD-11F4-E098-E71FDA9D9E9D" otype="Relation" vid_source="B958B98F-A760-7C4F-46BA-7FF62B621062" vid_target="3333B52B-E87A-A245-9906-DD435F98935C">
<hideElementsInCurrentOnly>false</hideElementsInCurrentOnly>
<backgroundColor>-16777216</backgroundColor>
<lineWidth>1</lineWidth>
<points>
<point x="308" y="190"/>
<point x="270" y="190"/>
</points>
</Connector>
<Connector class="oracle.dbtools.crest.swingui.logical.TVRelation" oid="7FF67152-2625-87E4-992A-3E812F339046" otype="Relation" vid_source="65D85B4E-9551-C4AE-AB49-297B1897CEF1" vid_target="C1489B66-C385-E359-518D-3CA10F019D4B">
<hideElementsInCurrentOnly>false</hideElementsInCurrentOnly>
<backgroundColor>-16777216</backgroundColor>
<lineWidth>1</lineWidth>
<points>
<point x="1035" y="379"/>
<point x="1035" y="340"/>
</points>
</Connector>
<Connector class="oracle.dbtools.crest.swingui.logical.TVRelation" oid="9085E28F-DBD9-C1AC-969D-6EF2D268A867" otype="Relation" vid_source="9BAD4308-B7EC-938A-C064-1D579426A704" vid_target="B958B98F-A760-7C4F-46BA-7FF62B621062">
<hideElementsInCurrentOnly>false</hideElementsInCurrentOnly>
<backgroundColor>-16777216</backgroundColor>
<lineWidth>1</lineWidth>
<points>
<point x="508" y="149"/>
<point x="478" y="149"/>
</points>
</Connector>
<Connector class="oracle.dbtools.crest.swingui.logical.TVRelation" oid="B2217D66-98FE-6798-9D52-D421F09A3E4A" otype="Relation" vid_source="F987BEC3-FE82-FA74-ABB0-D1D1B1A19732" vid_target="4B026D07-DF5E-919B-1963-87E5A1984880">
<hideElementsInCurrentOnly>false</hideElementsInCurrentOnly>
<backgroundColor>-16777216</backgroundColor>
<lineWidth>1</lineWidth>
<points>
<point x="633" y="431"/>
<point x="571" y="389"/>
</points>
</Connector>
<Connector class="oracle.dbtools.crest.swingui.logical.TVRelation" oid="B400F794-9B6F-417E-4C08-F2F9B7D8918D" otype="Relation" vid_source="C83E6104-D7B1-1C8B-7DB8-C3C6540CD752" vid_target="C1489B66-C385-E359-518D-3CA10F019D4B">
<hideElementsInCurrentOnly>false</hideElementsInCurrentOnly>
<backgroundColor>-16777216</backgroundColor>
<lineWidth>1</lineWidth>
<points>
<point x="893" y="285"/>
<point x="930" y="285"/>
</points>
</Connector>
<Connector class="oracle.dbtools.crest.swingui.logical.TVRelation" oid="C335A91A-933C-1173-E31E-FF8D7CD0CAFF" otype="Relation" vid_source="B35AEBCA-6E22-E959-1AA7-91F90D825809" vid_target="444BAEC5-07F3-07E0-5E6B-08353ECE064A">
<hideElementsInCurrentOnly>false</hideElementsInCurrentOnly>
<backgroundColor>-16777216</backgroundColor>
<lineWidth>1</lineWidth>
<points>
<point x="1150" y="584"/>
<point x="1183" y="584"/>
</points>
</Connector>
<Connector class="oracle.dbtools.crest.swingui.logical.TVRelation" oid="EC8A1033-60B9-5789-31A0-1ECFF8279D27" otype="Relation" vid_source="65D85B4E-9551-C4AE-AB49-297B1897CEF1" vid_target="B35AEBCA-6E22-E959-1AA7-91F90D825809">
<hideElementsInCurrentOnly>false</hideElementsInCurrentOnly>
<backgroundColor>-16777216</backgroundColor>
<lineWidth>1</lineWidth>
<points>
<point x="1060" y="490"/>
<point x="1060" y="536"/>
</points>
</Connector>
<Connector class="oracle.dbtools.crest.swingui.logical.TVRelation" oid="EEE40E41-3D77-EBA1-2158-33F3B34F4AD2" otype="Relation" vid_source="4B026D07-DF5E-919B-1963-87E5A1984880" vid_target="9BAD4308-B7EC-938A-C064-1D579426A704">
<hideElementsInCurrentOnly>false</hideElementsInCurrentOnly>
<backgroundColor>-16777216</backgroundColor>
<lineWidth>1</lineWidth>
<points>
<point x="542" y="278"/>
<point x="542" y="193"/>
</points>
</Connector>
</connectors>
</Diagram>