<?xml version = '1.0' encoding = 'UTF-8'?>
<Table class="oracle.dbtools.crest.model.design.relational.Table" directorySegmentName="seg_0" id="187966ED-C03E-BBD3-CB07-BB775F18FDF6" name="RM_Fund_Assets">
<createdBy>associate</createdBy>
<createdTime>2022-03-22 16:15:26 UTC</createdTime>
<generatorID>88EF6748-581C-0952-A3B7-927D99138E7C</generatorID>
<ownerDesignName>RISK PROFILE AND FUND OFFERING</ownerDesignName>
<allowColumnReorder>false</allowColumnReorder>
<existDependencyGenerateInDDl>true</existDependencyGenerateInDDl>
<parsed>true</parsed>
<columns itemClass="oracle.dbtools.crest.model.design.relational.Column">
<Column name="Fund_Asset_ID" id="A5CC49A7-D452-056D-28C0-BDFABEA15CB7">
<createdBy>associate</createdBy>
<createdTime>2022-03-22 16:15:26 UTC</createdTime>
<generatorID>780FADE9-F081-4B4C-9877-DE02AF719635</generatorID>
<ownerDesignName>RISK PROFILE AND FUND OFFERING</ownerDesignName>
<useDomainConstraints>false</useDomainConstraints>
<use>1</use>
<logicalDatatype>LOGDT011</logicalDatatype>
<ownDataTypeParameters>,,</ownDataTypeParameters>
<autoIncrementCycle>false</autoIncrementCycle>
</Column>
<Column name="Fund_ID" id="31A262D4-EBF8-A377-33AD-E1D9269A61C0">
<createdBy>associate</createdBy>
<createdTime>2022-03-22 16:15:26 UTC</createdTime>
<generatorID>4EC51FD1-D69B-8D07-082F-BF706809F4B0</generatorID>
<ownerDesignName>RISK PROFILE AND FUND OFFERING</ownerDesignName>
<nullsAllowed>true</nullsAllowed>
<useDomainConstraints>false</useDomainConstraints>
<use>1</use>
<logicalDatatype>LOGDT011</logicalDatatype>
<ownDataTypeParameters>,,</ownDataTypeParameters>
<autoIncrementCycle>false</autoIncrementCycle>
</Column>
<Column name="Asset_Class_ID" id="423A581C-15E1-B5C6-3EBB-2772C1F3FFBE">
<createdBy>associate</createdBy>
<createdTime>2022-03-22 16:15:26 UTC</createdTime>
<generatorID>68F1AF08-4043-CAB2-FE95-65EE380D8DBC</generatorID>
<ownerDesignName>RISK PROFILE AND FUND OFFERING</ownerDesignName>
<nullsAllowed>true</nullsAllowed>
<useDomainConstraints>false</useDomainConstraints>
<use>1</use>
<logicalDatatype>LOGDT011</logicalDatatype>
<ownDataTypeParameters>,,</ownDataTypeParameters>
<autoIncrementCycle>false</autoIncrementCycle>
</Column>
<Column name="Percent_Of_Fund" id="8B11566D-B201-3559-7E33-4E9520803755">
<createdBy>associate</createdBy>
<createdTime>2022-03-22 16:15:26 UTC</createdTime>
<generatorID>64534FB3-D1C1-F182-CA7B-0D63C338B23A</generatorID>
<ownerDesignName>RISK PROFILE AND FUND OFFERING</ownerDesignName>
<nullsAllowed>true</nullsAllowed>
<useDomainConstraints>false</useDomainConstraints>
<use>1</use>
<logicalDatatype>LOGDT019</logicalDatatype>
<dataTypePrecision>8</dataTypePrecision>
<dataTypeScale>2</dataTypeScale>
<ownDataTypeParameters>,8,2</ownDataTypeParameters>
<autoIncrementCycle>false</autoIncrementCycle>
</Column>
<Column name="RM_Pot_Fnds_Fnd_ID" id="DA5C1E51-640E-8D19-8A67-489D89092702">
<createdBy>associate</createdBy>
<createdTime>2022-03-23 18:33:24 UTC</createdTime>
<generatorID>DA814E34-681F-26C5-3C5A-156D650B8084</generatorID>
<ownerDesignName>RiskProfileandFundOffering</ownerDesignName>
<useDomainConstraints>false</useDomainConstraints>
<use>1</use>
<logicalDatatype>LOGDT019</logicalDatatype>
<dataTypePrecision>6</dataTypePrecision>
<ownDataTypeParameters>,,</ownDataTypeParameters>
<previousColumn>false</previousColumn>
<autoIncrementCycle>false</autoIncrementCycle>
<associations>
<colAssociation fkAssociation="638B9869-AC79-1231-5D55-AE8746DAD48A" referredColumn="1CE4CC65-2CDF-6A7A-C186-01B54D283387"/>
</associations>
</Column>
<Column name="RM_Ast_Cls_Ast_Cls_ID" id="704B10F3-38E6-6FFC-1380-407BC509D571">
<createdBy>associate</createdBy>
<createdTime>2022-03-23 18:33:24 UTC</createdTime>
<generatorID>CAC4854B-057D-0B67-88C7-DBCAB78C72A6</generatorID>
<ownerDesignName>RiskProfileandFundOffering</ownerDesignName>
<useDomainConstraints>false</useDomainConstraints>
<use>1</use>
<logicalDatatype>LOGDT011</logicalDatatype>
<ownDataTypeParameters>,,</ownDataTypeParameters>
<previousColumn>false</previousColumn>
<autoIncrementCycle>false</autoIncrementCycle>
<associations>
<colAssociation fkAssociation="34BEBFEF-085B-CDDF-6E34-6544298EA121" referredColumn="F41708EB-151E-43D0-D8F4-B67A0FA9A82A"/>
</associations>
</Column>
</columns>
<indexes itemClass="oracle.dbtools.crest.model.design.relational.Index">
<ind_PK_UK id="805242DA-A2F5-2B63-4AEA-F533C714802D" name="RM_Fund_Assets_PK">
<createdBy>associate</createdBy>
<createdTime>2022-03-22 16:15:26 UTC</createdTime>
<generatorID>DBB3FAE1-38E4-EEA4-BEFE-343989F8967C</generatorID>
<ownerDesignName>RISK PROFILE AND FUND OFFERING</ownerDesignName>
<pk>true</pk>
<indexState>Primary Constraint</indexState>
<isSurrogateKey>false</isSurrogateKey>
<indexColumnUsage>
<colUsage columnID="A5CC49A7-D452-056D-28C0-BDFABEA15CB7"/>
</indexColumnUsage>
</ind_PK_UK>
<ind_PK_UK id="920B78EC-F475-8533-1E49-AAAE15B90DDA" name="RM_Fnd_Asts_RM_Ast_Cls_FK">
<createdBy>associate</createdBy>
<createdTime>2022-03-23 18:33:24 UTC</createdTime>
<generatorID>EC8A1033-60B9-5789-31A0-1ECFF8279D27</generatorID>
<ownerDesignName>RiskProfileandFundOffering</ownerDesignName>
<indexState>Foreign Key</indexState>
<isSurrogateKey>false</isSurrogateKey>
<indexColumnUsage>
<colUsage columnID="704B10F3-38E6-6FFC-1380-407BC509D571"/>
</indexColumnUsage>
</ind_PK_UK>
<ind_PK_UK id="C8B0B053-C996-1159-527C-8E937BE239F5" name="RM_Fund_Asts_RM_Pot_Fnds_FK">
<createdBy>associate</createdBy>
<createdTime>2022-03-23 18:33:24 UTC</createdTime>
<generatorID>7FF67152-2625-87E4-992A-3E812F339046</generatorID>
<ownerDesignName>RiskProfileandFundOffering</ownerDesignName>
<indexState>Foreign Key</indexState>
<isSurrogateKey>false</isSurrogateKey>
<indexColumnUsage>
<colUsage columnID="DA5C1E51-640E-8D19-8A67-489D89092702"/>
</indexColumnUsage>
</ind_PK_UK>
</indexes>
</Table>