<?xml version = '1.0' encoding = 'UTF-8'?>
<Table class="oracle.dbtools.crest.model.design.relational.Table" directorySegmentName="seg_0" id="23F8D4FF-D775-BDB3-6C13-F405386A0D11" name="RM_Engagement_Type">
<createdBy>associate</createdBy>
<createdTime>2022-03-23 10:05:37 UTC</createdTime>
<generatorID>B946627F-7165-720D-A28A-63B013F3D6B9</generatorID>
<ownerDesignName>RiskProfileandFundOffering</ownerDesignName>
<allowColumnReorder>false</allowColumnReorder>
<existDependencyGenerateInDDl>true</existDependencyGenerateInDDl>
<parsed>true</parsed>
<columns itemClass="oracle.dbtools.crest.model.design.relational.Column">
<Column name="Engagement_Type_ID" id="B2CBE44B-58CC-082B-6293-0BAA3D4AC87B">
<createdBy>associate</createdBy>
<createdTime>2022-03-23 10:05:37 UTC</createdTime>
<generatorID>D20F96B0-63E6-1D58-5C83-4CEB47E49A8F</generatorID>
<ownerDesignName>RiskProfileandFundOffering</ownerDesignName>
<useDomainConstraints>false</useDomainConstraints>
<use>1</use>
<logicalDatatype>LOGDT011</logicalDatatype>
<ownDataTypeParameters>,,</ownDataTypeParameters>
<autoIncrementCycle>false</autoIncrementCycle>
</Column>
<Column name="Engagement_Type_Name" id="FA1FA45C-8D75-94F0-5EC1-CA782EBA4F52">
<createdBy>associate</createdBy>
<createdTime>2022-03-23 10:05:37 UTC</createdTime>
<generatorID>6545892B-2674-5D98-9382-A2147BCE146C</generatorID>
<ownerDesignName>RiskProfileandFundOffering</ownerDesignName>
<nullsAllowed>true</nullsAllowed>
<useDomainConstraints>false</useDomainConstraints>
<use>1</use>
<logicalDatatype>LOGDT024</logicalDatatype>
<dataTypeSize>50</dataTypeSize>
<ownDataTypeParameters>50,,</ownDataTypeParameters>
<autoIncrementCycle>false</autoIncrementCycle>
</Column>
</columns>
<indexes itemClass="oracle.dbtools.crest.model.design.relational.Index">
<ind_PK_UK id="784C8F0F-448E-0A9A-FFB8-13A59B811211" name="RM_Engagement_Type_PK">
<createdBy>associate</createdBy>
<createdTime>2022-03-23 10:05:37 UTC</createdTime>
<generatorID>12A50D9B-927A-6F9F-23DF-E9DF687F4C8F</generatorID>
<ownerDesignName>RiskProfileandFundOffering</ownerDesignName>
<pk>true</pk>
<indexState>Primary Constraint</indexState>
<isSurrogateKey>false</isSurrogateKey>
<indexColumnUsage>
<colUsage columnID="B2CBE44B-58CC-082B-6293-0BAA3D4AC87B"/>
</indexColumnUsage>
</ind_PK_UK>
</indexes>
</Table>