<?xml version = '1.0' encoding = 'UTF-8'?>
<Table class="oracle.dbtools.crest.model.design.relational.Table" directorySegmentName="seg_0" id="25AE648E-7BAA-183B-D9DC-4A85566EFA8F" name="RM_Potential_Funds">
<createdBy>associate</createdBy>
<createdTime>2022-03-22 16:15:26 UTC</createdTime>
<generatorID>A8864B4A-8126-46E9-B5FF-A234FF71F0A5</generatorID>
<ownerDesignName>RISK PROFILE AND FUND OFFERING</ownerDesignName>
<allowColumnReorder>false</allowColumnReorder>
<existDependencyGenerateInDDl>true</existDependencyGenerateInDDl>
<parsed>true</parsed>
<columns itemClass="oracle.dbtools.crest.model.design.relational.Column">
<Column name="Fund_ID" id="1CE4CC65-2CDF-6A7A-C186-01B54D283387">
<createdBy>associate</createdBy>
<createdTime>2022-03-22 16:15:26 UTC</createdTime>
<generatorID>8E22B36E-708E-8BF2-695A-662441777D48</generatorID>
<ownerDesignName>RISK PROFILE AND FUND OFFERING</ownerDesignName>
<useDomainConstraints>false</useDomainConstraints>
<use>1</use>
<logicalDatatype>LOGDT019</logicalDatatype>
<dataTypePrecision>6</dataTypePrecision>
<ownDataTypeParameters>,6,</ownDataTypeParameters>
<autoIncrementCycle>false</autoIncrementCycle>
</Column>
<Column name="Fund_Name" id="A2A0F025-2FF9-088D-88ED-F03FF117A0C9">
<createdBy>associate</createdBy>
<createdTime>2022-03-22 16:15:26 UTC</createdTime>
<generatorID>DD11A02F-BB80-BD4B-7000-D4E3AE5978E4</generatorID>
<ownerDesignName>RISK PROFILE AND FUND OFFERING</ownerDesignName>
<nullsAllowed>true</nullsAllowed>
<useDomainConstraints>false</useDomainConstraints>
<use>1</use>
<logicalDatatype>LOGDT024</logicalDatatype>
<dataTypeSize>50</dataTypeSize>
<ownDataTypeParameters>50,,</ownDataTypeParameters>
<autoIncrementCycle>false</autoIncrementCycle>
</Column>
<Column name="Fund_Description" id="24784CD4-8BBE-F137-5B08-45FCC76615FB">
<createdBy>associate</createdBy>
<createdTime>2022-03-22 16:15:26 UTC</createdTime>
<generatorID>1EB594EE-4692-D85F-5CF7-ECC62A2C0EB1</generatorID>
<ownerDesignName>RISK PROFILE AND FUND OFFERING</ownerDesignName>
<nullsAllowed>true</nullsAllowed>
<useDomainConstraints>false</useDomainConstraints>
<use>1</use>
<logicalDatatype>LOGDT024</logicalDatatype>
<dataTypeSize>100</dataTypeSize>
<ownDataTypeParameters>100,,</ownDataTypeParameters>
<autoIncrementCycle>false</autoIncrementCycle>
</Column>
<Column name="Minimum_Investment_Required" id="E7F85930-A1B5-B5F1-C2DD-43175C4DBA7C">
<createdBy>associate</createdBy>
<createdTime>2022-03-22 16:15:26 UTC</createdTime>
<generatorID>B2621675-4E27-8D2E-2FBE-6CEEE6F11A59</generatorID>
<ownerDesignName>RISK PROFILE AND FUND OFFERING</ownerDesignName>
<nullsAllowed>true</nullsAllowed>
<useDomainConstraints>false</useDomainConstraints>
<use>1</use>
<logicalDatatype>LOGDT019</logicalDatatype>
<dataTypePrecision>18</dataTypePrecision>
<dataTypeScale>2</dataTypeScale>
<ownDataTypeParameters>,18,2</ownDataTypeParameters>
<autoIncrementCycle>false</autoIncrementCycle>
</Column>
<Column name="Maximum_Investment_Allowed" id="BEE807B1-14A0-BC8F-226A-8F5B1A09AEB4">
<createdBy>associate</createdBy>
<createdTime>2022-03-22 16:15:26 UTC</createdTime>
<generatorID>C9EEF14B-08A7-FC8A-AD89-10C79A14D023</generatorID>
<ownerDesignName>RISK PROFILE AND FUND OFFERING</ownerDesignName>
<nullsAllowed>true</nullsAllowed>
<useDomainConstraints>false</useDomainConstraints>
<use>1</use>
<logicalDatatype>LOGDT019</logicalDatatype>
<dataTypePrecision>18</dataTypePrecision>
<dataTypeScale>2</dataTypeScale>
<ownDataTypeParameters>,18,2</ownDataTypeParameters>
<autoIncrementCycle>false</autoIncrementCycle>
</Column>
<Column name="Test" id="26F8ACEE-A002-A715-3335-2DB082C85617">
<createdBy>associate</createdBy>
<createdTime>2022-03-22 16:15:26 UTC</createdTime>
<generatorID>B1BB7E88-C116-23E7-12F2-A6C39CFC5C6F</generatorID>
<ownerDesignName>RISK PROFILE AND FUND OFFERING</ownerDesignName>
<nullsAllowed>true</nullsAllowed>
<useDomainConstraints>false</useDomainConstraints>
<use>1</use>
<logicalDatatype>LOGDT011</logicalDatatype>
<ownDataTypeParameters>,,</ownDataTypeParameters>
<autoIncrementCycle>false</autoIncrementCycle>
</Column>
</columns>
<indexes itemClass="oracle.dbtools.crest.model.design.relational.Index">
<ind_PK_UK id="4B263B63-8954-6B6B-5AE1-4E061EC9E799" name="RM_Potential_Funds_PK">
<createdBy>associate</createdBy>
<createdTime>2022-03-22 16:15:26 UTC</createdTime>
<generatorID>00B7518E-1FFA-BDF7-003E-54422D4D4B8B</generatorID>
<ownerDesignName>RISK PROFILE AND FUND OFFERING</ownerDesignName>
<pk>true</pk>
<indexState>Primary Constraint</indexState>
<isSurrogateKey>false</isSurrogateKey>
<indexColumnUsage>
<colUsage columnID="1CE4CC65-2CDF-6A7A-C186-01B54D283387"/>
</indexColumnUsage>
</ind_PK_UK>
</indexes>
</Table>