<?xml version = '1.0' encoding = 'UTF-8'?>
<Table class="oracle.dbtools.crest.model.design.relational.Table" directorySegmentName="seg_0" id="436D3F77-32E9-CC6F-1FBD-AC595E9E4B7A" name="RM_Customer_Assets">
<createdBy>associate</createdBy>
<createdTime>2022-03-22 16:15:26 UTC</createdTime>
<generatorID>20D6757D-3C8A-7BFC-D40E-283907FF06EF</generatorID>
<ownerDesignName>RISK PROFILE AND FUND OFFERING</ownerDesignName>
<allowColumnReorder>false</allowColumnReorder>
<existDependencyGenerateInDDl>true</existDependencyGenerateInDDl>
<parsed>true</parsed>
<columns itemClass="oracle.dbtools.crest.model.design.relational.Column">
<Column name="Customer_Asset_ID" id="D9CD8B95-912E-ADAF-DF3B-FCDEFCEA14F0">
<createdBy>associate</createdBy>
<createdTime>2022-03-22 16:15:26 UTC</createdTime>
<generatorID>8C76627C-A1B6-753D-FF8F-C91009EE9B49</generatorID>
<ownerDesignName>RISK PROFILE AND FUND OFFERING</ownerDesignName>
<useDomainConstraints>false</useDomainConstraints>
<use>1</use>
<logicalDatatype>LOGDT011</logicalDatatype>
<ownDataTypeParameters>,,</ownDataTypeParameters>
<autoIncrementCycle>false</autoIncrementCycle>
</Column>
<Column name="Customer_ID" id="2B95E833-11E7-B7DE-B196-FB75DD255BC4">
<createdBy>associate</createdBy>
<createdTime>2022-03-22 16:15:26 UTC</createdTime>
<generatorID>583896E3-C94F-E5AF-5499-35048907323E</generatorID>
<ownerDesignName>RISK PROFILE AND FUND OFFERING</ownerDesignName>
<nullsAllowed>true</nullsAllowed>
<useDomainConstraints>false</useDomainConstraints>
<use>1</use>
<logicalDatatype>LOGDT011</logicalDatatype>
<ownDataTypeParameters>,,</ownDataTypeParameters>
<autoIncrementCycle>false</autoIncrementCycle>
</Column>
<Column name="Asset_Objective_ID" id="3B803DEA-9BDB-DC89-078A-DCAC92802741">
<createdBy>associate</createdBy>
<createdTime>2022-03-22 16:15:26 UTC</createdTime>
<generatorID>5F236B89-DE5C-0676-02A1-82563CEBDC9B</generatorID>
<ownerDesignName>RISK PROFILE AND FUND OFFERING</ownerDesignName>
<nullsAllowed>true</nullsAllowed>
<useDomainConstraints>false</useDomainConstraints>
<use>1</use>
<logicalDatatype>LOGDT011</logicalDatatype>
<ownDataTypeParameters>,,</ownDataTypeParameters>
<autoIncrementCycle>false</autoIncrementCycle>
</Column>
<Column name="Total" id="3D91DE6E-183C-F985-238A-F9C006386209">
<createdBy>associate</createdBy>
<createdTime>2022-03-22 16:15:26 UTC</createdTime>
<generatorID>69D248CB-B68E-330B-F354-94410C3F4CBD</generatorID>
<ownerDesignName>RISK PROFILE AND FUND OFFERING</ownerDesignName>
<nullsAllowed>true</nullsAllowed>
<useDomainConstraints>false</useDomainConstraints>
<use>1</use>
<logicalDatatype>LOGDT011</logicalDatatype>
<ownDataTypeParameters>,,</ownDataTypeParameters>
<autoIncrementCycle>false</autoIncrementCycle>
</Column>
<Column name="RM_Cust_Cust_ID" id="7F892017-DC06-060F-F1C2-5F31BFDCC0AB">
<createdBy>associate</createdBy>
<createdTime>2022-03-22 16:15:26 UTC</createdTime>
<generatorID>DACD1C17-C34A-2045-E9EB-00CBF2E775B8</generatorID>
<ownerDesignName>RISK PROFILE AND FUND OFFERING</ownerDesignName>
<useDomainConstraints>false</useDomainConstraints>
<use>1</use>
<logicalDatatype>LOGDT011</logicalDatatype>
<ownDataTypeParameters>,,</ownDataTypeParameters>
<previousColumn>false</previousColumn>
<autoIncrementCycle>false</autoIncrementCycle>
<associations>
<colAssociation fkAssociation="71542A5C-DE71-A3BB-EC21-0980762D7F1A" referredColumn="51FBBE75-C3DA-8BA9-746C-31708E3FE30A"/>
</associations>
</Column>
<Column name="RM_Ast_Obj_Ast_Obj_ID" id="948E1EA5-7489-54CA-DBB2-A592D8124CE6">
<createdBy>associate</createdBy>
<createdTime>2022-03-23 18:33:24 UTC</createdTime>
<generatorID>D9195BB5-EF60-FBAE-6D8C-DB232F7D9BD0</generatorID>
<ownerDesignName>RiskProfileandFundOffering</ownerDesignName>
<useDomainConstraints>false</useDomainConstraints>
<use>1</use>
<logicalDatatype>LOGDT011</logicalDatatype>
<ownDataTypeParameters>,,</ownDataTypeParameters>
<previousColumn>false</previousColumn>
<autoIncrementCycle>false</autoIncrementCycle>
<associations>
<colAssociation fkAssociation="43992C28-718A-7D93-918D-E471F950D064" referredColumn="BE9EB679-3796-FC77-8787-88F1D7A631FB"/>
</associations>
</Column>
</columns>
<indexes itemClass="oracle.dbtools.crest.model.design.relational.Index">
<ind_PK_UK id="98B86179-D73B-2345-5621-487769C54E67" name="RM_Customer_Assets_PK">
<createdBy>associate</createdBy>
<createdTime>2022-03-22 16:15:26 UTC</createdTime>
<generatorID>7F2A189A-B9C3-7D69-13F0-81FF236D3277</generatorID>
<ownerDesignName>RISK PROFILE AND FUND OFFERING</ownerDesignName>
<pk>true</pk>
<indexState>Primary Constraint</indexState>
<isSurrogateKey>false</isSurrogateKey>
<indexColumnUsage>
<colUsage columnID="D9CD8B95-912E-ADAF-DF3B-FCDEFCEA14F0"/>
</indexColumnUsage>
</ind_PK_UK>
<ind_PK_UK id="98381A16-CEB6-56BB-D94D-789D7982AAE1" name="RM_Cust_Ast_RM_Cust_FK">
<createdBy>associate</createdBy>
<createdTime>2022-03-22 16:15:26 UTC</createdTime>
<generatorID>6CCDE4DF-07D2-9AE4-844D-BAE6508E4183</generatorID>
<ownerDesignName>RISK PROFILE AND FUND OFFERING</ownerDesignName>
<indexState>Foreign Key</indexState>
<isSurrogateKey>false</isSurrogateKey>
<indexColumnUsage>
<colUsage columnID="7F892017-DC06-060F-F1C2-5F31BFDCC0AB"/>
</indexColumnUsage>
</ind_PK_UK>
<ind_PK_UK id="54480777-E42F-62EA-0120-8B5D6ABA2047" name="RM_Cust_Ast_RM_Ast_Obj_FK">
<createdBy>associate</createdBy>
<createdTime>2022-03-23 18:33:24 UTC</createdTime>
<generatorID>403B75F9-837E-365F-B8BF-CB8A60AA0467</generatorID>
<ownerDesignName>RiskProfileandFundOffering</ownerDesignName>
<indexState>Foreign Key</indexState>
<isSurrogateKey>false</isSurrogateKey>
<indexColumnUsage>
<colUsage columnID="948E1EA5-7489-54CA-DBB2-A592D8124CE6"/>
</indexColumnUsage>
</ind_PK_UK>
</indexes>
</Table>