<?xml version = '1.0' encoding = 'UTF-8'?>
<Table class="oracle.dbtools.crest.model.design.relational.Table" directorySegmentName="seg_0" id="5AD7C91A-2DDF-1F6E-3844-7DC4460D259A" name="RM_Asset_Objective">
<createdBy>associate</createdBy>
<createdTime>2022-03-22 16:15:26 UTC</createdTime>
<generatorID>9D2C47BF-EE50-0B99-FC88-958F25E718F8</generatorID>
<ownerDesignName>RISK PROFILE AND FUND OFFERING</ownerDesignName>
<allowColumnReorder>false</allowColumnReorder>
<existDependencyGenerateInDDl>true</existDependencyGenerateInDDl>
<parsed>true</parsed>
<columns itemClass="oracle.dbtools.crest.model.design.relational.Column">
<Column name="Asset_Objective_ID" id="BE9EB679-3796-FC77-8787-88F1D7A631FB">
<createdBy>associate</createdBy>
<createdTime>2022-03-22 16:15:26 UTC</createdTime>
<generatorID>C14BF841-CA49-DCA0-E361-FBAB57C08CC8</generatorID>
<ownerDesignName>RISK PROFILE AND FUND OFFERING</ownerDesignName>
<useDomainConstraints>false</useDomainConstraints>
<use>1</use>
<logicalDatatype>LOGDT011</logicalDatatype>
<ownDataTypeParameters>,,</ownDataTypeParameters>
<autoIncrementCycle>false</autoIncrementCycle>
</Column>
<Column name="Asset_Objective_Name" id="73EC758E-5D00-0A39-7142-37F872E4F5E8">
<createdBy>associate</createdBy>
<createdTime>2022-03-22 16:15:26 UTC</createdTime>
<generatorID>6F76974E-37E0-D3C9-78A6-CDF2CB58F663</generatorID>
<ownerDesignName>RISK PROFILE AND FUND OFFERING</ownerDesignName>
<nullsAllowed>true</nullsAllowed>
<useDomainConstraints>false</useDomainConstraints>
<use>1</use>
<logicalDatatype>LOGDT024</logicalDatatype>
<dataTypeSize>50</dataTypeSize>
<ownDataTypeParameters>50,,</ownDataTypeParameters>
<autoIncrementCycle>false</autoIncrementCycle>
</Column>
</columns>
<indexes itemClass="oracle.dbtools.crest.model.design.relational.Index">
<ind_PK_UK id="C1F42DBB-7E50-E967-FEB2-A9CBA863EFA6" name="RM_Asset_Objective_PK">
<createdBy>associate</createdBy>
<createdTime>2022-03-22 16:15:26 UTC</createdTime>
<generatorID>1DAD2B74-216D-9F75-D904-9321BCCBC37D</generatorID>
<ownerDesignName>RISK PROFILE AND FUND OFFERING</ownerDesignName>
<pk>true</pk>
<indexState>Primary Constraint</indexState>
<isSurrogateKey>false</isSurrogateKey>
<indexColumnUsage>
<colUsage columnID="BE9EB679-3796-FC77-8787-88F1D7A631FB"/>
</indexColumnUsage>
</ind_PK_UK>
</indexes>
</Table>