<?xml version = '1.0' encoding = 'UTF-8'?>
<Table class="oracle.dbtools.crest.model.design.relational.Table" directorySegmentName="seg_0" id="5E06B213-5569-D9C4-BF37-E65F94340B6C" name="RM_Customers">
<createdBy>associate</createdBy>
<createdTime>2022-03-22 16:15:26 UTC</createdTime>
<generatorID>001347CF-FF1C-D918-8EDE-5F828E3C51C8</generatorID>
<ownerDesignName>RISK PROFILE AND FUND OFFERING</ownerDesignName>
<allowColumnReorder>false</allowColumnReorder>
<existDependencyGenerateInDDl>true</existDependencyGenerateInDDl>
<parsed>true</parsed>
<columns itemClass="oracle.dbtools.crest.model.design.relational.Column">
<Column name="Customer_ID" id="51FBBE75-C3DA-8BA9-746C-31708E3FE30A">
<createdBy>associate</createdBy>
<createdTime>2022-03-22 16:15:26 UTC</createdTime>
<generatorID>BCC3A78A-C223-5623-1452-726B3E70C6E4</generatorID>
<ownerDesignName>RISK PROFILE AND FUND OFFERING</ownerDesignName>
<useDomainConstraints>false</useDomainConstraints>
<use>1</use>
<logicalDatatype>LOGDT011</logicalDatatype>
<ownDataTypeParameters>,,</ownDataTypeParameters>
<autoIncrementCycle>false</autoIncrementCycle>
</Column>
<Column name="Contact_Last_Name" id="1CC1FD1C-0C6B-01CE-FBC9-DFE3441FA79D">
<createdBy>associate</createdBy>
<createdTime>2022-03-22 16:15:26 UTC</createdTime>
<generatorID>6D32CE15-C54B-57E0-9AC5-BF5B5019D92D</generatorID>
<ownerDesignName>RISK PROFILE AND FUND OFFERING</ownerDesignName>
<nullsAllowed>true</nullsAllowed>
<useDomainConstraints>false</useDomainConstraints>
<use>1</use>
<logicalDatatype>LOGDT024</logicalDatatype>
<dataTypeSize>50</dataTypeSize>
<ownDataTypeParameters>50,,</ownDataTypeParameters>
<autoIncrementCycle>false</autoIncrementCycle>
</Column>
<Column name="Contact_First_Name" id="1E18A40A-12DE-777F-91AE-C49F0745FBB2">
<createdBy>associate</createdBy>
<createdTime>2022-03-22 16:15:26 UTC</createdTime>
<generatorID>36E3D3C5-AABC-F21F-BA17-1FA6EF11B556</generatorID>
<ownerDesignName>RISK PROFILE AND FUND OFFERING</ownerDesignName>
<nullsAllowed>true</nullsAllowed>
<useDomainConstraints>false</useDomainConstraints>
<use>1</use>
<logicalDatatype>LOGDT024</logicalDatatype>
<dataTypeSize>50</dataTypeSize>
<ownDataTypeParameters>50,,</ownDataTypeParameters>
<autoIncrementCycle>false</autoIncrementCycle>
</Column>
<Column name="Age" id="458F2F39-9D6C-0520-0762-F564C51844DB">
<createdBy>associate</createdBy>
<createdTime>2022-03-22 16:15:26 UTC</createdTime>
<generatorID>29472798-92FF-80D5-1D11-8D0B836178FF</generatorID>
<ownerDesignName>RISK PROFILE AND FUND OFFERING</ownerDesignName>
<nullsAllowed>true</nullsAllowed>
<useDomainConstraints>false</useDomainConstraints>
<use>1</use>
<logicalDatatype>LOGDT011</logicalDatatype>
<ownDataTypeParameters>,,</ownDataTypeParameters>
<autoIncrementCycle>false</autoIncrementCycle>
</Column>
<Column name="Marital_Status" id="86C7E258-F013-6F69-6D21-DE813383F02D">
<createdBy>associate</createdBy>
<createdTime>2022-03-22 16:15:26 UTC</createdTime>
<generatorID>3CA769FC-2BC9-A7C6-B41C-319821718D91</generatorID>
<ownerDesignName>RISK PROFILE AND FUND OFFERING</ownerDesignName>
<nullsAllowed>true</nullsAllowed>
<useDomainConstraints>false</useDomainConstraints>
<use>1</use>
<logicalDatatype>LOGDT024</logicalDatatype>
<dataTypeSize>20</dataTypeSize>
<ownDataTypeParameters>20,,</ownDataTypeParameters>
<autoIncrementCycle>false</autoIncrementCycle>
</Column>
<Column name="Gender" id="4B95BD3A-2921-8EFC-9837-8132B3278D76">
<createdBy>associate</createdBy>
<createdTime>2022-03-22 16:15:26 UTC</createdTime>
<generatorID>7DBE3F4E-C17E-331C-2D0A-1497EBF491C3</generatorID>
<ownerDesignName>RISK PROFILE AND FUND OFFERING</ownerDesignName>
<nullsAllowed>true</nullsAllowed>
<useDomainConstraints>false</useDomainConstraints>
<use>1</use>
<logicalDatatype>LOGDT024</logicalDatatype>
<dataTypeSize>10</dataTypeSize>
<ownDataTypeParameters>10,,</ownDataTypeParameters>
<autoIncrementCycle>false</autoIncrementCycle>
</Column>
<Column name="Number_Of_Dependents" id="ABE31ED3-F130-1D4F-8E55-FF90AE724B09">
<createdBy>associate</createdBy>
<createdTime>2022-03-22 16:15:26 UTC</createdTime>
<generatorID>2A839138-B725-44A3-A2B4-1E266CFA6074</generatorID>
<ownerDesignName>RISK PROFILE AND FUND OFFERING</ownerDesignName>
<nullsAllowed>true</nullsAllowed>
<useDomainConstraints>false</useDomainConstraints>
<use>1</use>
<logicalDatatype>LOGDT011</logicalDatatype>
<ownDataTypeParameters>,,</ownDataTypeParameters>
<autoIncrementCycle>false</autoIncrementCycle>
</Column>
<Column name="Country" id="67295B91-5BC9-DB87-EC29-9020399351D5">
<createdBy>associate</createdBy>
<createdTime>2022-03-22 16:15:26 UTC</createdTime>
<generatorID>7C006C1A-7E46-EBEE-0C09-09792B4246A2</generatorID>
<ownerDesignName>RISK PROFILE AND FUND OFFERING</ownerDesignName>
<nullsAllowed>true</nullsAllowed>
<useDomainConstraints>false</useDomainConstraints>
<use>1</use>
<logicalDatatype>LOGDT024</logicalDatatype>
<dataTypeSize>50</dataTypeSize>
<ownDataTypeParameters>50,,</ownDataTypeParameters>
<autoIncrementCycle>false</autoIncrementCycle>
</Column>
<Column name="State" id="C9187524-F461-8A99-0937-C265BAF2FDE9">
<createdBy>associate</createdBy>
<createdTime>2022-03-22 16:15:26 UTC</createdTime>
<generatorID>EF30DDDD-BC2A-9EC2-1229-5F2127ADE4E8</generatorID>
<ownerDesignName>RISK PROFILE AND FUND OFFERING</ownerDesignName>
<nullsAllowed>true</nullsAllowed>
<useDomainConstraints>false</useDomainConstraints>
<use>1</use>
<logicalDatatype>LOGDT024</logicalDatatype>
<dataTypeSize>50</dataTypeSize>
<ownDataTypeParameters>50,,</ownDataTypeParameters>
<autoIncrementCycle>false</autoIncrementCycle>
</Column>
<Column name="City" id="D58C8F44-83B2-822B-2E12-0675E4911DFD">
<createdBy>associate</createdBy>
<createdTime>2022-03-22 16:15:26 UTC</createdTime>
<generatorID>045DC1CD-B3C0-D051-B0A8-137D8B534D29</generatorID>
<ownerDesignName>RISK PROFILE AND FUND OFFERING</ownerDesignName>
<nullsAllowed>true</nullsAllowed>
<useDomainConstraints>false</useDomainConstraints>
<use>1</use>
<logicalDatatype>LOGDT024</logicalDatatype>
<dataTypeSize>50</dataTypeSize>
<ownDataTypeParameters>50,,</ownDataTypeParameters>
<autoIncrementCycle>false</autoIncrementCycle>
</Column>
<Column name="Street" id="F0D60EEB-9802-C71D-5AF1-1C363C1427A4">
<createdBy>associate</createdBy>
<createdTime>2022-03-22 16:15:26 UTC</createdTime>
<generatorID>591F8F51-CAAB-8AC0-BD71-1AE98534BFFA</generatorID>
<ownerDesignName>RISK PROFILE AND FUND OFFERING</ownerDesignName>
<nullsAllowed>true</nullsAllowed>
<useDomainConstraints>false</useDomainConstraints>
<use>1</use>
<logicalDatatype>LOGDT024</logicalDatatype>
<dataTypeSize>50</dataTypeSize>
<ownDataTypeParameters>50,,</ownDataTypeParameters>
<autoIncrementCycle>false</autoIncrementCycle>
</Column>
<Column name="Zip" id="A0F0215C-65C9-C96B-F03A-E9D3EA6F6BAB">
<createdBy>associate</createdBy>
<createdTime>2022-03-22 16:15:26 UTC</createdTime>
<generatorID>AA61299E-AD58-C11C-4F5A-C104753139F4</generatorID>
<ownerDesignName>RISK PROFILE AND FUND OFFERING</ownerDesignName>
<nullsAllowed>true</nullsAllowed>
<useDomainConstraints>false</useDomainConstraints>
<use>1</use>
<logicalDatatype>LOGDT011</logicalDatatype>
<ownDataTypeParameters>,,</ownDataTypeParameters>
<autoIncrementCycle>false</autoIncrementCycle>
</Column>
<Column name="RM_Cust_Ans_Cust_Ans_ID" id="2A508C12-5711-662E-F025-63B7DDBDD1CE">
<createdBy>associate</createdBy>
<createdTime>2022-03-23 18:33:24 UTC</createdTime>
<generatorID>C462DA65-BBD2-668A-BB05-D8AD3876787A</generatorID>
<ownerDesignName>RiskProfileandFundOffering</ownerDesignName>
<useDomainConstraints>false</useDomainConstraints>
<use>1</use>
<logicalDatatype>LOGDT011</logicalDatatype>
<ownDataTypeParameters>,,</ownDataTypeParameters>
<previousColumn>false</previousColumn>
<autoIncrementCycle>false</autoIncrementCycle>
<associations>
<colAssociation fkAssociation="754BA6EB-3612-A841-7287-838A2F8F3442" referredColumn="99156482-F8CA-4BAB-A953-015F90CA6C9D"/>
</associations>
</Column>
<Column name="Cust_Eng_Pref_Cust_ID" id="7B916B97-59B2-EA06-2B51-9E0A26966856">
<createdBy>associate</createdBy>
<createdTime>2022-03-23 18:33:24 UTC</createdTime>
<generatorID>694043ED-58BA-BDE9-4804-ECE384748598</generatorID>
<ownerDesignName>RiskProfileandFundOffering</ownerDesignName>
<useDomainConstraints>false</useDomainConstraints>
<use>1</use>
<logicalDatatype>LOGDT011</logicalDatatype>
<ownDataTypeParameters>,,</ownDataTypeParameters>
<previousColumn>false</previousColumn>
<autoIncrementCycle>false</autoIncrementCycle>
<associations>
<colAssociation fkAssociation="36EEF6B0-84FE-EBA3-FEAA-E3B400FFA97B" referredColumn="9BD07609-D5E4-EAE7-BFB9-F81A929D53EB"/>
</associations>
</Column>
</columns>
<indexes itemClass="oracle.dbtools.crest.model.design.relational.Index">
<ind_PK_UK id="72AE2D9C-7B95-B0E9-7B79-BBE3CB243F2F" name="RM_Customers_PK">
<createdBy>associate</createdBy>
<createdTime>2022-03-22 16:15:26 UTC</createdTime>
<generatorID>ADD3A5D2-88DA-73FB-6D73-368A2FD944E6</generatorID>
<ownerDesignName>RISK PROFILE AND FUND OFFERING</ownerDesignName>
<pk>true</pk>
<indexState>Primary Constraint</indexState>
<isSurrogateKey>false</isSurrogateKey>
<indexColumnUsage>
<colUsage columnID="51FBBE75-C3DA-8BA9-746C-31708E3FE30A"/>
</indexColumnUsage>
</ind_PK_UK>
<ind_PK_UK id="F2070D36-71B2-B520-F8E3-802C286E1306" name="RM_Customers__IDX">
<createdBy>associate</createdBy>
<createdTime>2022-03-23 18:33:24 UTC</createdTime>
<ownerDesignName>RiskProfileandFundOffering</ownerDesignName>
<indexState>Unique Plain Index</indexState>
<isSurrogateKey>false</isSurrogateKey>
<relationGeneratorID>9085E28F-DBD9-C1AC-969D-6EF2D268A867</relationGeneratorID>
<indexColumnUsage>
<colUsage columnID="7B916B97-59B2-EA06-2B51-9E0A26966856"/>
</indexColumnUsage>
</ind_PK_UK>
<ind_PK_UK id="8CBFB3BF-1773-9E87-8253-58EF46648C27" name="RM_Cust_RM_Cust_Ans_FK">
<createdBy>associate</createdBy>
<createdTime>2022-03-23 18:33:24 UTC</createdTime>
<generatorID>EEE40E41-3D77-EBA1-2158-33F3B34F4AD2</generatorID>
<ownerDesignName>RiskProfileandFundOffering</ownerDesignName>
<indexState>Foreign Key</indexState>
<isSurrogateKey>false</isSurrogateKey>
<indexColumnUsage>
<colUsage columnID="2A508C12-5711-662E-F025-63B7DDBDD1CE"/>
</indexColumnUsage>
</ind_PK_UK>
<ind_PK_UK id="FB61A1A9-3EF8-C19B-1108-F3993D0C9DCC" name="RM_Cust_Cust_Eng_Pref_FK">
<createdBy>associate</createdBy>
<createdTime>2022-03-23 18:33:24 UTC</createdTime>
<generatorID>9085E28F-DBD9-C1AC-969D-6EF2D268A867</generatorID>
<ownerDesignName>RiskProfileandFundOffering</ownerDesignName>
<indexState>Foreign Key</indexState>
<isSurrogateKey>false</isSurrogateKey>
<indexColumnUsage>
<colUsage columnID="7B916B97-59B2-EA06-2B51-9E0A26966856"/>
</indexColumnUsage>
</ind_PK_UK>
</indexes>
</Table>