<?xml version = '1.0' encoding = 'UTF-8'?>
<Table class="oracle.dbtools.crest.model.design.relational.Table" directorySegmentName="seg_0" id="733DFCB5-2445-BDD9-69A0-6CD1F63A8607" name="RM_Engagement_Frequencies">
<createdBy>associate</createdBy>
<createdTime>2022-03-23 10:05:37 UTC</createdTime>
<generatorID>BB5B4B20-6BA3-8CB5-F5D6-97039E66C236</generatorID>
<ownerDesignName>RiskProfileandFundOffering</ownerDesignName>
<allowColumnReorder>false</allowColumnReorder>
<existDependencyGenerateInDDl>true</existDependencyGenerateInDDl>
<parsed>true</parsed>
<columns itemClass="oracle.dbtools.crest.model.design.relational.Column">
<Column name="Frequency_ID" id="695F8D0A-9B15-35EC-673B-7A32BBAE5DA0">
<createdBy>associate</createdBy>
<createdTime>2022-03-23 10:05:37 UTC</createdTime>
<generatorID>F1299F50-9747-0D65-72FD-9F2CF0F57842</generatorID>
<ownerDesignName>RiskProfileandFundOffering</ownerDesignName>
<useDomainConstraints>false</useDomainConstraints>
<use>1</use>
<logicalDatatype>LOGDT011</logicalDatatype>
<ownDataTypeParameters>,,</ownDataTypeParameters>
<autoIncrementCycle>false</autoIncrementCycle>
</Column>
<Column name="Frequency_Name" id="06F71F50-3637-6AF0-1987-24AFCB4BD584">
<createdBy>associate</createdBy>
<createdTime>2022-03-23 10:05:37 UTC</createdTime>
<generatorID>FCDF0526-F5D4-263E-334B-170DED733600</generatorID>
<ownerDesignName>RiskProfileandFundOffering</ownerDesignName>
<nullsAllowed>true</nullsAllowed>
<useDomainConstraints>false</useDomainConstraints>
<use>1</use>
<logicalDatatype>LOGDT024</logicalDatatype>
<dataTypeSize>50</dataTypeSize>
<ownDataTypeParameters>50,,</ownDataTypeParameters>
<autoIncrementCycle>false</autoIncrementCycle>
</Column>
</columns>
<indexes itemClass="oracle.dbtools.crest.model.design.relational.Index">
<ind_PK_UK id="6B667E26-4EFE-083F-4E02-F76E057002A8" name="RM_Engagement_Frequencies_PK">
<createdBy>associate</createdBy>
<createdTime>2022-03-23 10:05:37 UTC</createdTime>
<generatorID>F902D852-4EB5-11AB-8DC8-A8D6D51D0C84</generatorID>
<ownerDesignName>RiskProfileandFundOffering</ownerDesignName>
<pk>true</pk>
<indexState>Primary Constraint</indexState>
<isSurrogateKey>false</isSurrogateKey>
<indexColumnUsage>
<colUsage columnID="695F8D0A-9B15-35EC-673B-7A32BBAE5DA0"/>
</indexColumnUsage>
</ind_PK_UK>
</indexes>
</Table>