<?xml version = '1.0' encoding = 'UTF-8'?>
<Table class="oracle.dbtools.crest.model.design.relational.Table" directorySegmentName="seg_0" id="773D0F27-D373-B5DE-0E0A-97A4CE9DE599" name="Cust_Eng_Preferences">
<createdBy>associate</createdBy>
<createdTime>2022-03-23 18:33:24 UTC</createdTime>
<generatorID>C4F21553-CFD8-C962-6166-EC36DF9113B3</generatorID>
<ownerDesignName>RiskProfileandFundOffering</ownerDesignName>
<ordsAlias>customer_engagement_preferences</ordsAlias>
<allowColumnReorder>false</allowColumnReorder>
<existDependencyGenerateInDDl>true</existDependencyGenerateInDDl>
<parsed>true</parsed>
<columns itemClass="oracle.dbtools.crest.model.design.relational.Column">
<Column name="Customer_ID" id="9BD07609-D5E4-EAE7-BFB9-F81A929D53EB">
<createdBy>associate</createdBy>
<createdTime>2022-03-23 18:33:24 UTC</createdTime>
<generatorID>6881912F-A5D7-E93B-3A5D-54C8B67F21F1</generatorID>
<ownerDesignName>RiskProfileandFundOffering</ownerDesignName>
<useDomainConstraints>false</useDomainConstraints>
<use>1</use>
<logicalDatatype>LOGDT011</logicalDatatype>
<ownDataTypeParameters>,,</ownDataTypeParameters>
<autoIncrementCycle>false</autoIncrementCycle>
</Column>
<Column name="Engagement_Type_ID" id="EEF9CB3D-3A89-628E-1216-638633E3E3E4">
<createdBy>associate</createdBy>
<createdTime>2022-03-23 18:33:24 UTC</createdTime>
<generatorID>E113BC62-EB8F-20D2-4471-FAEF2A6213F4</generatorID>
<ownerDesignName>RiskProfileandFundOffering</ownerDesignName>
<nullsAllowed>true</nullsAllowed>
<useDomainConstraints>false</useDomainConstraints>
<use>1</use>
<logicalDatatype>LOGDT011</logicalDatatype>
<ownDataTypeParameters>,,</ownDataTypeParameters>
<autoIncrementCycle>false</autoIncrementCycle>
</Column>
<Column name="Frequency_ID" id="E53B200D-AE5A-2A33-DB05-B0388CCE9F8A">
<createdBy>associate</createdBy>
<createdTime>2022-03-23 18:33:24 UTC</createdTime>
<generatorID>238EED13-D1FA-1982-7B4A-9A25520FA56F</generatorID>
<ownerDesignName>RiskProfileandFundOffering</ownerDesignName>
<nullsAllowed>true</nullsAllowed>
<useDomainConstraints>false</useDomainConstraints>
<use>1</use>
<logicalDatatype>LOGDT011</logicalDatatype>
<ownDataTypeParameters>,,</ownDataTypeParameters>
<autoIncrementCycle>false</autoIncrementCycle>
</Column>
<Column name="RM_Cust_Cust_ID" id="30BACB05-A8E9-0FCC-DC09-2DD723C0198A">
<createdBy>associate</createdBy>
<createdTime>2022-03-23 18:33:24 UTC</createdTime>
<generatorID>44CF2D9F-7CE4-96F9-28EF-6B34363668E1</generatorID>
<ownerDesignName>RiskProfileandFundOffering</ownerDesignName>
<useDomainConstraints>false</useDomainConstraints>
<use>1</use>
<logicalDatatype>LOGDT011</logicalDatatype>
<ownDataTypeParameters>,,</ownDataTypeParameters>
<previousColumn>false</previousColumn>
<autoIncrementCycle>false</autoIncrementCycle>
<associations>
<colAssociation fkAssociation="6690A1B6-2D80-86B5-3D16-6A44CDA661B0" referredColumn="51FBBE75-C3DA-8BA9-746C-31708E3FE30A"/>
</associations>
</Column>
<Column name="RM_Eng_Typ_Eng_Type_ID" id="08B00534-2F94-9C73-BC3F-3F482178FC8D">
<createdBy>associate</createdBy>
<createdTime>2022-03-23 18:33:24 UTC</createdTime>
<generatorID>BFC725BE-84E5-4551-867E-D2938CC69E33</generatorID>
<ownerDesignName>RiskProfileandFundOffering</ownerDesignName>
<useDomainConstraints>false</useDomainConstraints>
<use>1</use>
<logicalDatatype>LOGDT011</logicalDatatype>
<ownDataTypeParameters>,,</ownDataTypeParameters>
<previousColumn>false</previousColumn>
<autoIncrementCycle>false</autoIncrementCycle>
<associations>
<colAssociation fkAssociation="542683B2-DA72-909E-B03D-FF29356D3686" referredColumn="B2CBE44B-58CC-082B-6293-0BAA3D4AC87B"/>
</associations>
</Column>
<Column name="RM_Eng_Freq_Freq_ID" id="0BF69824-4AC8-F09B-8EFE-5F34C02E9628">
<createdBy>associate</createdBy>
<createdTime>2022-03-23 18:33:24 UTC</createdTime>
<generatorID>461E1BD0-6C10-0F4D-9074-FD4BA3CBD6D2</generatorID>
<ownerDesignName>RiskProfileandFundOffering</ownerDesignName>
<useDomainConstraints>false</useDomainConstraints>
<use>1</use>
<logicalDatatype>LOGDT011</logicalDatatype>
<ownDataTypeParameters>,,</ownDataTypeParameters>
<previousColumn>false</previousColumn>
<autoIncrementCycle>false</autoIncrementCycle>
<associations>
<colAssociation fkAssociation="9BD94259-3390-D615-F63A-D7687C9BD21D" referredColumn="695F8D0A-9B15-35EC-673B-7A32BBAE5DA0"/>
</associations>
</Column>
</columns>
<indexes itemClass="oracle.dbtools.crest.model.design.relational.Index">
<ind_PK_UK id="9F87C57D-5A48-DCE6-BCF2-1131FC88AC34" name="Cust_Eng_Preferences_PK">
<createdBy>associate</createdBy>
<createdTime>2022-03-23 18:33:24 UTC</createdTime>
<generatorID>59B71777-8ED1-207A-6C9B-BA3CE5530891</generatorID>
<ownerDesignName>RiskProfileandFundOffering</ownerDesignName>
<pk>true</pk>
<indexState>Primary Constraint</indexState>
<isSurrogateKey>false</isSurrogateKey>
<indexColumnUsage>
<colUsage columnID="9BD07609-D5E4-EAE7-BFB9-F81A929D53EB"/>
</indexColumnUsage>
</ind_PK_UK>
<ind_PK_UK id="FF0EB714-BEF8-904A-6202-897C4235C85D" name="Cust_Eng_Pref__IDX">
<createdBy>associate</createdBy>
<createdTime>2022-03-23 18:33:24 UTC</createdTime>
<ownerDesignName>RiskProfileandFundOffering</ownerDesignName>
<indexState>Unique Plain Index</indexState>
<isSurrogateKey>false</isSurrogateKey>
<relationGeneratorID>9085E28F-DBD9-C1AC-969D-6EF2D268A867</relationGeneratorID>
<indexColumnUsage>
<colUsage columnID="30BACB05-A8E9-0FCC-DC09-2DD723C0198A"/>
</indexColumnUsage>
</ind_PK_UK>
<ind_PK_UK id="BAFBBED2-243C-B843-4E5C-E48BB5734A54" name="Cust_Eng_Pref_RM_Cust_FK">
<createdBy>associate</createdBy>
<createdTime>2022-03-23 18:33:24 UTC</createdTime>
<generatorID>9085E28F-DBD9-C1AC-969D-6EF2D268A867</generatorID>
<ownerDesignName>RiskProfileandFundOffering</ownerDesignName>
<indexState>Foreign Key</indexState>
<isSurrogateKey>false</isSurrogateKey>
<indexColumnUsage>
<colUsage columnID="30BACB05-A8E9-0FCC-DC09-2DD723C0198A"/>
</indexColumnUsage>
</ind_PK_UK>
<ind_PK_UK id="E261FC95-3930-6993-00B0-A87B3E9D4CD3" name="Cust_Eng_Pref_RM_Eng_Typ_FK">
<createdBy>associate</createdBy>
<createdTime>2022-03-23 18:33:24 UTC</createdTime>
<generatorID>62963476-1315-5759-7C21-50421BE6FEF1</generatorID>
<ownerDesignName>RiskProfileandFundOffering</ownerDesignName>
<indexState>Foreign Key</indexState>
<isSurrogateKey>false</isSurrogateKey>
<indexColumnUsage>
<colUsage columnID="08B00534-2F94-9C73-BC3F-3F482178FC8D"/>
</indexColumnUsage>
</ind_PK_UK>
<ind_PK_UK id="589D1786-CF6E-4260-4AB0-44D2EB71E3CF" name="Cust_Eng_Pref_RM_Eng_Freq_FK">
<createdBy>associate</createdBy>
<createdTime>2022-03-23 18:33:24 UTC</createdTime>
<generatorID>76A2B925-ECCD-11F4-E098-E71FDA9D9E9D</generatorID>
<ownerDesignName>RiskProfileandFundOffering</ownerDesignName>
<indexState>Foreign Key</indexState>
<isSurrogateKey>false</isSurrogateKey>
<indexColumnUsage>
<colUsage columnID="0BF69824-4AC8-F09B-8EFE-5F34C02E9628"/>
</indexColumnUsage>
</ind_PK_UK>
</indexes>
</Table>