<?xml version = '1.0' encoding = 'UTF-8'?>
<Table class="oracle.dbtools.crest.model.design.relational.Table" directorySegmentName="seg_0" id="A47CE668-3A77-74F9-1BFD-BD3346C607FC" name="RM_Answers">
<createdBy>associate</createdBy>
<createdTime>2022-03-22 16:15:26 UTC</createdTime>
<generatorID>1F7BD084-8235-D672-6032-BC34DF743182</generatorID>
<ownerDesignName>RISK PROFILE AND FUND OFFERING</ownerDesignName>
<allowColumnReorder>false</allowColumnReorder>
<existDependencyGenerateInDDl>true</existDependencyGenerateInDDl>
<parsed>true</parsed>
<columns itemClass="oracle.dbtools.crest.model.design.relational.Column">
<Column name="RM_Cust_Ans_Cust_Ans_ID" id="C1716227-F33D-1A4B-758B-CDBB296BF045">
<createdBy>associate</createdBy>
<createdTime>2022-03-22 16:15:26 UTC</createdTime>
<generatorID>92879B27-A6C3-1765-C89D-C1E774617050</generatorID>
<ownerDesignName>RISK PROFILE AND FUND OFFERING</ownerDesignName>
<useDomainConstraints>false</useDomainConstraints>
<use>1</use>
<logicalDatatype>LOGDT011</logicalDatatype>
<ownDataTypeParameters>,,</ownDataTypeParameters>
<autoIncrementCycle>false</autoIncrementCycle>
<associations>
<colAssociation fkAssociation="66FAA274-EEE2-0462-62A7-ED9056BB663D" referredColumn="99156482-F8CA-4BAB-A953-015F90CA6C9D"/>
</associations>
</Column>
<Column name="Answer_Text" id="BF5A0403-89F1-3D4A-4617-B6445EC378AA">
<createdBy>associate</createdBy>
<createdTime>2022-03-22 16:15:26 UTC</createdTime>
<generatorID>102E5A61-FAC8-2507-2BCE-8CAACE70C4DE</generatorID>
<ownerDesignName>RISK PROFILE AND FUND OFFERING</ownerDesignName>
<nullsAllowed>true</nullsAllowed>
<useDomainConstraints>false</useDomainConstraints>
<use>1</use>
<logicalDatatype>LOGDT024</logicalDatatype>
<dataTypeSize>100</dataTypeSize>
<ownDataTypeParameters>100,,</ownDataTypeParameters>
<autoIncrementCycle>false</autoIncrementCycle>
</Column>
<Column name="Question_ID" id="8AAAA804-3F8F-8406-DA6B-BB02E44569F7">
<createdBy>associate</createdBy>
<createdTime>2022-03-22 16:15:26 UTC</createdTime>
<generatorID>327351A0-D5AF-D2C8-78F5-A41191862A3D</generatorID>
<ownerDesignName>RISK PROFILE AND FUND OFFERING</ownerDesignName>
<useDomainConstraints>false</useDomainConstraints>
<use>1</use>
<logicalDatatype>LOGDT011</logicalDatatype>
<ownDataTypeParameters>,,</ownDataTypeParameters>
<autoIncrementCycle>false</autoIncrementCycle>
<associations>
<colAssociation fkAssociation="AB7C0681-65D7-39B7-B16D-E0746F97E48A" referredColumn="718163DD-958E-862C-07F2-221908BF11D8"/>
</associations>
</Column>
<Column name="Risk_Weight" id="B549693A-B7D7-EC69-984D-4D3F4BC7A6DC">
<createdBy>associate</createdBy>
<createdTime>2022-03-22 16:15:26 UTC</createdTime>
<generatorID>616E037F-ACF2-AC86-D9A5-20611897EAC4</generatorID>
<ownerDesignName>RISK PROFILE AND FUND OFFERING</ownerDesignName>
<nullsAllowed>true</nullsAllowed>
<useDomainConstraints>false</useDomainConstraints>
<use>1</use>
<logicalDatatype>LOGDT011</logicalDatatype>
<ownDataTypeParameters>,,</ownDataTypeParameters>
<autoIncrementCycle>false</autoIncrementCycle>
</Column>
<Column name="Answer" id="4012AB6E-6D6F-8BFA-3548-1209D1D0A827">
<createdBy>associate</createdBy>
<createdTime>2022-03-22 16:15:26 UTC</createdTime>
<generatorID>007DD26F-332D-A3AB-73CC-C2C9C8E7443F</generatorID>
<ownerDesignName>RISK PROFILE AND FUND OFFERING</ownerDesignName>
<nullsAllowed>true</nullsAllowed>
<useDomainConstraints>false</useDomainConstraints>
<use>1</use>
<logicalDatatype>LOGDT024</logicalDatatype>
<dataTypeSize>100</dataTypeSize>
<ownDataTypeParameters>100,,</ownDataTypeParameters>
<autoIncrementCycle>false</autoIncrementCycle>
</Column>
</columns>
<indexes itemClass="oracle.dbtools.crest.model.design.relational.Index">
<ind_PK_UK id="B0241DF0-8A9D-2FF3-C79B-026273D947DF" name="RM_Answers_PK">
<createdBy>associate</createdBy>
<createdTime>2022-03-22 16:15:26 UTC</createdTime>
<generatorID>A56A5B50-DD4B-AC72-CE2C-659398AAB69F</generatorID>
<ownerDesignName>RISK PROFILE AND FUND OFFERING</ownerDesignName>
<pk>true</pk>
<indexState>Primary Constraint</indexState>
<isSurrogateKey>false</isSurrogateKey>
<indexColumnUsage>
<colUsage columnID="C1716227-F33D-1A4B-758B-CDBB296BF045"/>
</indexColumnUsage>
</ind_PK_UK>
<ind_PK_UK id="FF2321EC-2D52-C612-CFD2-A1D978216F43" name="RM_Ans_RM_Ques_FK">
<createdBy>associate</createdBy>
<createdTime>2022-03-23 16:47:30 UTC</createdTime>
<generatorID>A1D69C54-7052-AE81-03B7-66BAE4A12365</generatorID>
<ownerDesignName>RiskProfileandFundOffering</ownerDesignName>
<indexState>Foreign Key</indexState>
<isSurrogateKey>false</isSurrogateKey>
<indexColumnUsage>
<colUsage columnID="8AAAA804-3F8F-8406-DA6B-BB02E44569F7"/>
</indexColumnUsage>
</ind_PK_UK>
<ind_PK_UK id="A4EAD763-2E32-174C-267C-EF9B0D2A04F6" name="RM_Ans_RM_Cust_Ans_FK">
<createdBy>associate</createdBy>
<createdTime>2022-03-23 18:33:24 UTC</createdTime>
<generatorID>04172392-0860-D057-94EA-C8AD0038BAC3</generatorID>
<ownerDesignName>RiskProfileandFundOffering</ownerDesignName>
<indexState>Foreign Key</indexState>
<isSurrogateKey>false</isSurrogateKey>
<indexColumnUsage>
<colUsage columnID="C1716227-F33D-1A4B-758B-CDBB296BF045"/>
</indexColumnUsage>
</ind_PK_UK>
</indexes>
</Table>