<?xml version = '1.0' encoding = 'UTF-8'?>
<Table class="oracle.dbtools.crest.model.design.relational.Table" directorySegmentName="seg_0" id="A57C8AC8-0274-CBC1-6D2E-6573087A4888" name="RM_Customer_Answers">
<createdBy>associate</createdBy>
<createdTime>2022-03-22 16:15:26 UTC</createdTime>
<generatorID>E6326F8F-EF26-A073-7B35-E84CFBB7BF73</generatorID>
<ownerDesignName>RISK PROFILE AND FUND OFFERING</ownerDesignName>
<allowColumnReorder>false</allowColumnReorder>
<existDependencyGenerateInDDl>true</existDependencyGenerateInDDl>
<parsed>true</parsed>
<columns itemClass="oracle.dbtools.crest.model.design.relational.Column">
<Column name="Customer_Answer_ID" id="99156482-F8CA-4BAB-A953-015F90CA6C9D">
<createdBy>associate</createdBy>
<createdTime>2022-03-22 16:15:26 UTC</createdTime>
<generatorID>DE761625-D322-3C1E-A8D6-05D8B1AC6661</generatorID>
<ownerDesignName>RISK PROFILE AND FUND OFFERING</ownerDesignName>
<useDomainConstraints>false</useDomainConstraints>
<use>1</use>
<logicalDatatype>LOGDT011</logicalDatatype>
<ownDataTypeParameters>,,</ownDataTypeParameters>
<autoIncrementCycle>false</autoIncrementCycle>
</Column>
<Column name="Customer_ID" id="50FB5345-AA43-B0A9-A868-AE7E9B172C7A">
<createdBy>associate</createdBy>
<createdTime>2022-03-22 16:15:26 UTC</createdTime>
<generatorID>85B01496-CCFB-1285-F87E-2EBC3E6402DF</generatorID>
<ownerDesignName>RISK PROFILE AND FUND OFFERING</ownerDesignName>
<useDomainConstraints>false</useDomainConstraints>
<use>1</use>
<logicalDatatype>LOGDT011</logicalDatatype>
<ownDataTypeParameters>,,</ownDataTypeParameters>
<autoIncrementCycle>false</autoIncrementCycle>
<associations>
<colAssociation fkAssociation="7C570582-8EA8-F592-22F7-850315907AC0" referredColumn="51FBBE75-C3DA-8BA9-746C-31708E3FE30A"/>
</associations>
</Column>
<Column name="Question_ID" id="B781AE18-0288-110F-45F2-C59B237DA639">
<createdBy>associate</createdBy>
<createdTime>2022-03-22 16:15:26 UTC</createdTime>
<generatorID>5D39CAB5-03D5-ECFA-76E0-1C1003287801</generatorID>
<ownerDesignName>RISK PROFILE AND FUND OFFERING</ownerDesignName>
<useDomainConstraints>false</useDomainConstraints>
<use>1</use>
<logicalDatatype>LOGDT011</logicalDatatype>
<ownDataTypeParameters>,,</ownDataTypeParameters>
<autoIncrementCycle>false</autoIncrementCycle>
<associations>
<colAssociation fkAssociation="2C5B270D-7825-4915-1B84-EFBD084324CD" referredColumn="718163DD-958E-862C-07F2-221908BF11D8"/>
</associations>
</Column>
<Column name="Answer_ID" id="F1E472B6-7BAF-F023-D43E-D30F41E354CC">
<createdBy>associate</createdBy>
<createdTime>2022-03-22 16:15:26 UTC</createdTime>
<generatorID>EB8258DA-44BE-B8D7-EDD4-12CEB9ED5E41</generatorID>
<ownerDesignName>RISK PROFILE AND FUND OFFERING</ownerDesignName>
<useDomainConstraints>false</useDomainConstraints>
<use>1</use>
<logicalDatatype>LOGDT011</logicalDatatype>
<ownDataTypeParameters>,,</ownDataTypeParameters>
<autoIncrementCycle>false</autoIncrementCycle>
<associations>
<colAssociation fkAssociation="58C3B2CC-C746-4B91-C2A7-B7CDFD6E32E5" referredColumn="C1716227-F33D-1A4B-758B-CDBB296BF045"/>
</associations>
</Column>
<Column name="RM_Cust_Cust_ID" id="9D12D2F2-F47C-EA1E-B56C-80A134CC148E">
<createdBy>associate</createdBy>
<createdTime>2022-03-23 17:33:09 UTC</createdTime>
<ownerDesignName>RiskProfileandFundOffering</ownerDesignName>
<useDomainConstraints>false</useDomainConstraints>
<use>1</use>
<logicalDatatype>LOGDT011</logicalDatatype>
<ownDataTypeParameters>,,</ownDataTypeParameters>
<autoIncrementCycle>false</autoIncrementCycle>
</Column>
</columns>
<indexes itemClass="oracle.dbtools.crest.model.design.relational.Index">
<ind_PK_UK id="52FE2A69-B318-E46D-0723-C2D18F4491A5" name="RM_Customer_Answers_PK">
<createdBy>associate</createdBy>
<createdTime>2022-03-22 16:15:26 UTC</createdTime>
<generatorID>54D1A1EC-EF12-5DA0-2327-2B08110F965F</generatorID>
<ownerDesignName>RISK PROFILE AND FUND OFFERING</ownerDesignName>
<pk>true</pk>
<indexState>Primary Constraint</indexState>
<isSurrogateKey>false</isSurrogateKey>
<indexColumnUsage>
<colUsage columnID="99156482-F8CA-4BAB-A953-015F90CA6C9D"/>
</indexColumnUsage>
</ind_PK_UK>
<ind_PK_UK id="A6BCCBA9-96F3-08F2-7104-D6EE838B404E" name="RM_Cust_Ans_RM_Ans_FK">
<createdBy>associate</createdBy>
<createdTime>2022-03-23 16:50:47 UTC</createdTime>
<generatorID>A56A5B50-DD4B-AC72-CE2C-659398AAB69F</generatorID>
<ownerDesignName>RiskProfileandFundOffering</ownerDesignName>
<indexState>Foreign Key</indexState>
<isSurrogateKey>false</isSurrogateKey>
<indexColumnUsage>
<colUsage columnID="F1E472B6-7BAF-F023-D43E-D30F41E354CC"/>
</indexColumnUsage>
</ind_PK_UK>
<ind_PK_UK id="2BDB546C-D1D2-9B08-0EF3-F2EDE7C29609" name="RM_Cust_Ans_RM_Ques_FK">
<createdBy>associate</createdBy>
<createdTime>2022-03-23 17:08:36 UTC</createdTime>
<generatorID>A1D69C54-7052-AE81-03B7-66BAE4A12365</generatorID>
<ownerDesignName>RiskProfileandFundOffering</ownerDesignName>
<indexState>Foreign Key</indexState>
<isSurrogateKey>false</isSurrogateKey>
<indexColumnUsage>
<colUsage columnID="B781AE18-0288-110F-45F2-C59B237DA639"/>
</indexColumnUsage>
</ind_PK_UK>
<ind_PK_UK id="119F64C0-9905-6155-8232-05E8D55C9DAF" name="RM_Cust_Ans_RM_Cust_FK">
<createdBy>associate</createdBy>
<createdTime>2022-03-23 17:33:09 UTC</createdTime>
<generatorID>ADD3A5D2-88DA-73FB-6D73-368A2FD944E6</generatorID>
<ownerDesignName>RiskProfileandFundOffering</ownerDesignName>
<indexState>Foreign Key</indexState>
<isSurrogateKey>false</isSurrogateKey>
<indexColumnUsage>
<colUsage columnID="50FB5345-AA43-B0A9-A868-AE7E9B172C7A"/>
</indexColumnUsage>
</ind_PK_UK>
</indexes>
</Table>