<?xml version = '1.0' encoding = 'UTF-8'?>
<FKIndexAssociation class="oracle.dbtools.crest.model.design.relational.FKIndexAssociation" directorySegmentName="seg_0" id="1A59B367-B990-516B-EA92-593D759356AD" containerWithKeyObject="0327DD93-F4CE-36EF-75ED-DB38ED1364C2" localFKIndex="1347E05A-772D-5FA4-0489-1F83C7F430FC" name="RM_Ast_Clas_RM_Fee_Struc_FK">
<createdBy>associate</createdBy>
<createdTime>2022-03-23 18:33:24 UTC</createdTime>
<generatorID>C335A91A-933C-1173-E31E-FF8D7CD0CAFF</generatorID>
<ownerDesignName>RiskProfileandFundOffering</ownerDesignName>
<referredTableLongName>RM_Fee_Structures</referredTableLongName>
<deleteRule>NO ACTION</deleteRule>
<referredTableID>C9A81D73-B6CB-7415-C589-64699423049E</referredTableID>
<keyObject>485AA1D8-C79F-DBF6-2CA2-37CB7BF6598E</keyObject>
<referredKeyID>485AA1D8-C79F-DBF6-2CA2-37CB7BF6598E</referredKeyID>
<mandatory>true</mandatory>
<refColNames>Fee_Structure_ID</refColNames>
<transferable>true</transferable>
<rely>false</rely>
<columnDependencyConstraintGenerateInDDL>true</columnDependencyConstraintGenerateInDDL>
</FKIndexAssociation>