<?xml version = '1.0' encoding = 'UTF-8'?>
<FKIndexAssociation class="oracle.dbtools.crest.model.design.relational.FKIndexAssociation" directorySegmentName="seg_0" id="2C5B270D-7825-4915-1B84-EFBD084324CD" containerWithKeyObject="A57C8AC8-0274-CBC1-6D2E-6573087A4888" localFKIndex="2BDB546C-D1D2-9B08-0EF3-F2EDE7C29609" name="RM_Cust_Ans_RM_Ques_FK">
<createdBy>associate</createdBy>
<createdTime>2022-03-23 17:08:36 UTC</createdTime>
<generatorID>A1D69C54-7052-AE81-03B7-66BAE4A12365</generatorID>
<ownerDesignName>RiskProfileandFundOffering</ownerDesignName>
<referredTableLongName>RM_Questions</referredTableLongName>
<deleteRule>NO ACTION</deleteRule>
<referredTableID>EAC18AC3-B4F4-EAF8-11FA-23C4F4D31AA1</referredTableID>
<keyObject>80C80246-7408-1494-C6D3-C4ABB50F3189</keyObject>
<referredKeyID>80C80246-7408-1494-C6D3-C4ABB50F3189</referredKeyID>
<mandatory>true</mandatory>
<refColNames>Question_ID</refColNames>
<transferable>true</transferable>
<rely>false</rely>
<columnDependencyConstraintGenerateInDDL>true</columnDependencyConstraintGenerateInDDL>
</FKIndexAssociation>