<?xml version = '1.0' encoding = 'UTF-8'?>
<FKIndexAssociation class="oracle.dbtools.crest.model.design.relational.FKIndexAssociation" directorySegmentName="seg_0" id="34BEBFEF-085B-CDDF-6E34-6544298EA121" containerWithKeyObject="187966ED-C03E-BBD3-CB07-BB775F18FDF6" localFKIndex="920B78EC-F475-8533-1E49-AAAE15B90DDA" name="RM_Fnd_Asts_RM_Ast_Cls_FK">
<createdBy>associate</createdBy>
<createdTime>2022-03-23 18:33:24 UTC</createdTime>
<generatorID>EC8A1033-60B9-5789-31A0-1ECFF8279D27</generatorID>
<ownerDesignName>RiskProfileandFundOffering</ownerDesignName>
<referredTableLongName>RM_Asset_Classes</referredTableLongName>
<deleteRule>NO ACTION</deleteRule>
<referredTableID>0327DD93-F4CE-36EF-75ED-DB38ED1364C2</referredTableID>
<keyObject>7A736993-B16C-F99F-5910-E0A81445E11B</keyObject>
<referredKeyID>7A736993-B16C-F99F-5910-E0A81445E11B</referredKeyID>
<mandatory>true</mandatory>
<refColNames>Asset_Class_ID</refColNames>
<transferable>true</transferable>
<rely>false</rely>
<columnDependencyConstraintGenerateInDDL>true</columnDependencyConstraintGenerateInDDL>
</FKIndexAssociation>