<?xml version = '1.0' encoding = 'UTF-8'?>
<FKIndexAssociation class="oracle.dbtools.crest.model.design.relational.FKIndexAssociation" directorySegmentName="seg_0" id="36EEF6B0-84FE-EBA3-FEAA-E3B400FFA97B" containerWithKeyObject="5E06B213-5569-D9C4-BF37-E65F94340B6C" localFKIndex="FB61A1A9-3EF8-C19B-1108-F3993D0C9DCC" name="RM_Cust_Cust_Eng_Pref_FK">
<createdBy>associate</createdBy>
<createdTime>2022-03-23 18:33:24 UTC</createdTime>
<generatorID>9085E28F-DBD9-C1AC-969D-6EF2D268A867</generatorID>
<ownerDesignName>RiskProfileandFundOffering</ownerDesignName>
<referredTableLongName>Cust_Eng_Preferences</referredTableLongName>
<deleteRule>NO ACTION</deleteRule>
<referredTableID>773D0F27-D373-B5DE-0E0A-97A4CE9DE599</referredTableID>
<keyObject>9F87C57D-5A48-DCE6-BCF2-1131FC88AC34</keyObject>
<referredKeyID>9F87C57D-5A48-DCE6-BCF2-1131FC88AC34</referredKeyID>
<mandatory>true</mandatory>
<refColNames>Customer_ID</refColNames>
<transferable>true</transferable>
<rely>false</rely>
<columnDependencyConstraintGenerateInDDL>true</columnDependencyConstraintGenerateInDDL>
</FKIndexAssociation>