<?xml version = '1.0' encoding = 'UTF-8'?>
<FKIndexAssociation class="oracle.dbtools.crest.model.design.relational.FKIndexAssociation" directorySegmentName="seg_0" id="43992C28-718A-7D93-918D-E471F950D064" containerWithKeyObject="436D3F77-32E9-CC6F-1FBD-AC595E9E4B7A" localFKIndex="54480777-E42F-62EA-0120-8B5D6ABA2047" name="RM_Cust_Ast_RM_Ast_Obj_FK">
<createdBy>associate</createdBy>
<createdTime>2022-03-23 18:33:24 UTC</createdTime>
<generatorID>403B75F9-837E-365F-B8BF-CB8A60AA0467</generatorID>
<ownerDesignName>RiskProfileandFundOffering</ownerDesignName>
<referredTableLongName>RM_Asset_Objective</referredTableLongName>
<deleteRule>NO ACTION</deleteRule>
<referredTableID>5AD7C91A-2DDF-1F6E-3844-7DC4460D259A</referredTableID>
<keyObject>C1F42DBB-7E50-E967-FEB2-A9CBA863EFA6</keyObject>
<referredKeyID>C1F42DBB-7E50-E967-FEB2-A9CBA863EFA6</referredKeyID>
<mandatory>true</mandatory>
<refColNames>Asset_Objective_ID</refColNames>
<transferable>true</transferable>
<rely>false</rely>
<columnDependencyConstraintGenerateInDDL>true</columnDependencyConstraintGenerateInDDL>
</FKIndexAssociation>