<?xml version = '1.0' encoding = 'UTF-8'?>
<FKIndexAssociation class="oracle.dbtools.crest.model.design.relational.FKIndexAssociation" directorySegmentName="seg_0" id="542683B2-DA72-909E-B03D-FF29356D3686" containerWithKeyObject="773D0F27-D373-B5DE-0E0A-97A4CE9DE599" localFKIndex="E261FC95-3930-6993-00B0-A87B3E9D4CD3" name="Cust_Eng_Pref_RM_Eng_Typ_FK">
<createdBy>associate</createdBy>
<createdTime>2022-03-23 18:33:24 UTC</createdTime>
<generatorID>62963476-1315-5759-7C21-50421BE6FEF1</generatorID>
<ownerDesignName>RiskProfileandFundOffering</ownerDesignName>
<referredTableLongName>RM_Engagement_Type</referredTableLongName>
<deleteRule>NO ACTION</deleteRule>
<referredTableID>23F8D4FF-D775-BDB3-6C13-F405386A0D11</referredTableID>
<keyObject>784C8F0F-448E-0A9A-FFB8-13A59B811211</keyObject>
<referredKeyID>784C8F0F-448E-0A9A-FFB8-13A59B811211</referredKeyID>
<mandatory>true</mandatory>
<refColNames>Engagement_Type_ID</refColNames>
<transferable>true</transferable>
<rely>false</rely>
<columnDependencyConstraintGenerateInDDL>true</columnDependencyConstraintGenerateInDDL>
</FKIndexAssociation>