<?xml version = '1.0' encoding = 'UTF-8'?>
<FKIndexAssociation class="oracle.dbtools.crest.model.design.relational.FKIndexAssociation" directorySegmentName="seg_0" id="58C3B2CC-C746-4B91-C2A7-B7CDFD6E32E5" containerWithKeyObject="A57C8AC8-0274-CBC1-6D2E-6573087A4888" localFKIndex="A6BCCBA9-96F3-08F2-7104-D6EE838B404E" name="RM_Cust_Ans_RM_Ans_FK">
<createdBy>associate</createdBy>
<createdTime>2022-03-23 16:50:47 UTC</createdTime>
<generatorID>A56A5B50-DD4B-AC72-CE2C-659398AAB69F</generatorID>
<ownerDesignName>RiskProfileandFundOffering</ownerDesignName>
<referredTableLongName>RM_Answers</referredTableLongName>
<deleteRule>NO ACTION</deleteRule>
<referredTableID>A47CE668-3A77-74F9-1BFD-BD3346C607FC</referredTableID>
<keyObject>B0241DF0-8A9D-2FF3-C79B-026273D947DF</keyObject>
<referredKeyID>B0241DF0-8A9D-2FF3-C79B-026273D947DF</referredKeyID>
<mandatory>true</mandatory>
<refColNames>RM_Cust_Ans_Cust_Ans_ID</refColNames>
<transferable>true</transferable>
<rely>false</rely>
<columnDependencyConstraintGenerateInDDL>true</columnDependencyConstraintGenerateInDDL>
</FKIndexAssociation>