<?xml version = '1.0' encoding = 'UTF-8'?>
<FKIndexAssociation class="oracle.dbtools.crest.model.design.relational.FKIndexAssociation" directorySegmentName="seg_0" id="638B9869-AC79-1231-5D55-AE8746DAD48A" containerWithKeyObject="187966ED-C03E-BBD3-CB07-BB775F18FDF6" localFKIndex="C8B0B053-C996-1159-527C-8E937BE239F5" name="RM_Fund_Asts_RM_Pot_Fnds_FK">
<createdBy>associate</createdBy>
<createdTime>2022-03-23 18:33:24 UTC</createdTime>
<generatorID>7FF67152-2625-87E4-992A-3E812F339046</generatorID>
<ownerDesignName>RiskProfileandFundOffering</ownerDesignName>
<referredTableLongName>RM_Potential_Funds</referredTableLongName>
<deleteRule>NO ACTION</deleteRule>
<referredTableID>25AE648E-7BAA-183B-D9DC-4A85566EFA8F</referredTableID>
<keyObject>4B263B63-8954-6B6B-5AE1-4E061EC9E799</keyObject>
<referredKeyID>4B263B63-8954-6B6B-5AE1-4E061EC9E799</referredKeyID>
<mandatory>true</mandatory>
<refColNames>Fund_ID</refColNames>
<transferable>true</transferable>
<rely>false</rely>
<columnDependencyConstraintGenerateInDDL>true</columnDependencyConstraintGenerateInDDL>
</FKIndexAssociation>