<?xml version = '1.0' encoding = 'UTF-8'?>
<FKIndexAssociation class="oracle.dbtools.crest.model.design.relational.FKIndexAssociation" directorySegmentName="seg_0" id="6690A1B6-2D80-86B5-3D16-6A44CDA661B0" containerWithKeyObject="773D0F27-D373-B5DE-0E0A-97A4CE9DE599" localFKIndex="BAFBBED2-243C-B843-4E5C-E48BB5734A54" name="Cust_Eng_Pref_RM_Cust_FK">
<createdBy>associate</createdBy>
<createdTime>2022-03-23 18:33:24 UTC</createdTime>
<generatorID>9085E28F-DBD9-C1AC-969D-6EF2D268A867</generatorID>
<ownerDesignName>RiskProfileandFundOffering</ownerDesignName>
<referredTableLongName>RM_Customers</referredTableLongName>
<deleteRule>NO ACTION</deleteRule>
<referredTableID>5E06B213-5569-D9C4-BF37-E65F94340B6C</referredTableID>
<keyObject>72AE2D9C-7B95-B0E9-7B79-BBE3CB243F2F</keyObject>
<referredKeyID>72AE2D9C-7B95-B0E9-7B79-BBE3CB243F2F</referredKeyID>
<mandatory>true</mandatory>
<refColNames>Customer_ID</refColNames>
<transferable>true</transferable>
<rely>false</rely>
<columnDependencyConstraintGenerateInDDL>true</columnDependencyConstraintGenerateInDDL>
</FKIndexAssociation>