<?xml version = '1.0' encoding = 'UTF-8'?>
<FKIndexAssociation class="oracle.dbtools.crest.model.design.relational.FKIndexAssociation" directorySegmentName="seg_0" id="66FAA274-EEE2-0462-62A7-ED9056BB663D" containerWithKeyObject="A47CE668-3A77-74F9-1BFD-BD3346C607FC" localFKIndex="A4EAD763-2E32-174C-267C-EF9B0D2A04F6" name="RM_Ans_RM_Cust_Ans_FK">
<createdBy>associate</createdBy>
<createdTime>2022-03-23 18:33:24 UTC</createdTime>
<generatorID>04172392-0860-D057-94EA-C8AD0038BAC3</generatorID>
<ownerDesignName>RiskProfileandFundOffering</ownerDesignName>
<referredTableLongName>RM_Customer_Answers</referredTableLongName>
<deleteRule>NO ACTION</deleteRule>
<referredTableID>A57C8AC8-0274-CBC1-6D2E-6573087A4888</referredTableID>
<keyObject>52FE2A69-B318-E46D-0723-C2D18F4491A5</keyObject>
<referredKeyID>52FE2A69-B318-E46D-0723-C2D18F4491A5</referredKeyID>
<mandatory>true</mandatory>
<refColNames>Customer_Answer_ID</refColNames>
<transferable>true</transferable>
<rely>false</rely>
<columnDependencyConstraintGenerateInDDL>true</columnDependencyConstraintGenerateInDDL>
</FKIndexAssociation>