<?xml version = '1.0' encoding = 'UTF-8'?>
<FKIndexAssociation class="oracle.dbtools.crest.model.design.relational.FKIndexAssociation" directorySegmentName="seg_0" id="71542A5C-DE71-A3BB-EC21-0980762D7F1A" containerWithKeyObject="436D3F77-32E9-CC6F-1FBD-AC595E9E4B7A" localFKIndex="98381A16-CEB6-56BB-D94D-789D7982AAE1" name="RM_Cust_Ast_RM_Cust_FK">
<createdBy>associate</createdBy>
<createdTime>2022-03-22 16:15:26 UTC</createdTime>
<generatorID>6CCDE4DF-07D2-9AE4-844D-BAE6508E4183</generatorID>
<ownerDesignName>RISK PROFILE AND FUND OFFERING</ownerDesignName>
<referredTableLongName>RM_Customers</referredTableLongName>
<deleteRule>NO ACTION</deleteRule>
<referredTableID>5E06B213-5569-D9C4-BF37-E65F94340B6C</referredTableID>
<keyObject>72AE2D9C-7B95-B0E9-7B79-BBE3CB243F2F</keyObject>
<referredKeyID>72AE2D9C-7B95-B0E9-7B79-BBE3CB243F2F</referredKeyID>
<mandatory>true</mandatory>
<refColNames>Customer_ID</refColNames>
<transferable>true</transferable>
<rely>false</rely>
<columnDependencyConstraintGenerateInDDL>true</columnDependencyConstraintGenerateInDDL>
</FKIndexAssociation>