<?xml version = '1.0' encoding = 'UTF-8'?>
<FKIndexAssociation class="oracle.dbtools.crest.model.design.relational.FKIndexAssociation" directorySegmentName="seg_0" id="754BA6EB-3612-A841-7287-838A2F8F3442" containerWithKeyObject="5E06B213-5569-D9C4-BF37-E65F94340B6C" localFKIndex="8CBFB3BF-1773-9E87-8253-58EF46648C27" name="RM_Cust_RM_Cust_Ans_FK">
<createdBy>associate</createdBy>
<createdTime>2022-03-23 18:33:24 UTC</createdTime>
<generatorID>EEE40E41-3D77-EBA1-2158-33F3B34F4AD2</generatorID>
<ownerDesignName>RiskProfileandFundOffering</ownerDesignName>
<referredTableLongName>RM_Customer_Answers</referredTableLongName>
<deleteRule>NO ACTION</deleteRule>
<referredTableID>A57C8AC8-0274-CBC1-6D2E-6573087A4888</referredTableID>
<keyObject>52FE2A69-B318-E46D-0723-C2D18F4491A5</keyObject>
<referredKeyID>52FE2A69-B318-E46D-0723-C2D18F4491A5</referredKeyID>
<mandatory>true</mandatory>
<refColNames>Customer_Answer_ID</refColNames>
<transferable>true</transferable>
<rely>false</rely>
<columnDependencyConstraintGenerateInDDL>true</columnDependencyConstraintGenerateInDDL>
</FKIndexAssociation>