<?xml version = '1.0' encoding = 'UTF-8'?>
<FKIndexAssociation class="oracle.dbtools.crest.model.design.relational.FKIndexAssociation" directorySegmentName="seg_0" id="7C570582-8EA8-F592-22F7-850315907AC0" containerWithKeyObject="A57C8AC8-0274-CBC1-6D2E-6573087A4888" localFKIndex="119F64C0-9905-6155-8232-05E8D55C9DAF" name="RM_Cust_Ans_RM_Cust_FK">
<createdBy>associate</createdBy>
<createdTime>2022-03-23 17:33:09 UTC</createdTime>
<generatorID>ADD3A5D2-88DA-73FB-6D73-368A2FD944E6</generatorID>
<ownerDesignName>RiskProfileandFundOffering</ownerDesignName>
<referredTableLongName>RM_Customers</referredTableLongName>
<deleteRule>NO ACTION</deleteRule>
<referredTableID>5E06B213-5569-D9C4-BF37-E65F94340B6C</referredTableID>
<keyObject>72AE2D9C-7B95-B0E9-7B79-BBE3CB243F2F</keyObject>
<referredKeyID>72AE2D9C-7B95-B0E9-7B79-BBE3CB243F2F</referredKeyID>
<mandatory>true</mandatory>
<refColNames>Customer_ID</refColNames>
<transferable>true</transferable>
<rely>false</rely>
<columnDependencyConstraintGenerateInDDL>true</columnDependencyConstraintGenerateInDDL>
</FKIndexAssociation>