<?xml version = '1.0' encoding = 'UTF-8'?>
<FKIndexAssociation class="oracle.dbtools.crest.model.design.relational.FKIndexAssociation" directorySegmentName="seg_0" id="7EACA4A2-C5F8-FAE0-8CF7-C3D937E1B97F" containerWithKeyObject="F4B32AD3-E782-BD20-7923-870A117B6D67" localFKIndex="F1C15AFB-49DD-82B9-2179-C0A9E4E92225" name="RM_Fnd_Tgts_RM_Pot_Fnd_FK">
<createdBy>associate</createdBy>
<createdTime>2022-03-23 18:33:24 UTC</createdTime>
<generatorID>B400F794-9B6F-417E-4C08-F2F9B7D8918D</generatorID>
<ownerDesignName>RiskProfileandFundOffering</ownerDesignName>
<referredTableLongName>RM_Potential_Funds</referredTableLongName>
<deleteRule>NO ACTION</deleteRule>
<referredTableID>25AE648E-7BAA-183B-D9DC-4A85566EFA8F</referredTableID>
<keyObject>4B263B63-8954-6B6B-5AE1-4E061EC9E799</keyObject>
<referredKeyID>4B263B63-8954-6B6B-5AE1-4E061EC9E799</referredKeyID>
<mandatory>true</mandatory>
<refColNames>Fund_ID</refColNames>
<transferable>true</transferable>
<rely>false</rely>
<columnDependencyConstraintGenerateInDDL>true</columnDependencyConstraintGenerateInDDL>
</FKIndexAssociation>