<?xml version = '1.0' encoding = 'UTF-8'?>
<FKIndexAssociation class="oracle.dbtools.crest.model.design.relational.FKIndexAssociation" directorySegmentName="seg_0" id="9BD94259-3390-D615-F63A-D7687C9BD21D" containerWithKeyObject="773D0F27-D373-B5DE-0E0A-97A4CE9DE599" localFKIndex="589D1786-CF6E-4260-4AB0-44D2EB71E3CF" name="Cust_Eng_Pref_RM_Eng_Freq_FK">
<createdBy>associate</createdBy>
<createdTime>2022-03-23 18:33:24 UTC</createdTime>
<generatorID>76A2B925-ECCD-11F4-E098-E71FDA9D9E9D</generatorID>
<ownerDesignName>RiskProfileandFundOffering</ownerDesignName>
<referredTableLongName>RM_Engagement_Frequencies</referredTableLongName>
<deleteRule>NO ACTION</deleteRule>
<referredTableID>733DFCB5-2445-BDD9-69A0-6CD1F63A8607</referredTableID>
<keyObject>6B667E26-4EFE-083F-4E02-F76E057002A8</keyObject>
<referredKeyID>6B667E26-4EFE-083F-4E02-F76E057002A8</referredKeyID>
<mandatory>true</mandatory>
<refColNames>Frequency_ID</refColNames>
<transferable>true</transferable>
<rely>false</rely>
<columnDependencyConstraintGenerateInDDL>true</columnDependencyConstraintGenerateInDDL>
</FKIndexAssociation>