<?xml version = '1.0' encoding = 'UTF-8'?>
<FKIndexAssociation class="oracle.dbtools.crest.model.design.relational.FKIndexAssociation" directorySegmentName="seg_0" id="AB7C0681-65D7-39B7-B16D-E0746F97E48A" containerWithKeyObject="A47CE668-3A77-74F9-1BFD-BD3346C607FC" localFKIndex="FF2321EC-2D52-C612-CFD2-A1D978216F43" name="RM_Ans_RM_Ques_FK">
<createdBy>associate</createdBy>
<createdTime>2022-03-23 16:47:30 UTC</createdTime>
<generatorID>A1D69C54-7052-AE81-03B7-66BAE4A12365</generatorID>
<ownerDesignName>RiskProfileandFundOffering</ownerDesignName>
<referredTableLongName>RM_Questions</referredTableLongName>
<deleteRule>NO ACTION</deleteRule>
<referredTableID>EAC18AC3-B4F4-EAF8-11FA-23C4F4D31AA1</referredTableID>
<keyObject>80C80246-7408-1494-C6D3-C4ABB50F3189</keyObject>
<referredKeyID>80C80246-7408-1494-C6D3-C4ABB50F3189</referredKeyID>
<mandatory>true</mandatory>
<refColNames>Question_ID</refColNames>
<transferable>true</transferable>
<rely>false</rely>
<columnDependencyConstraintGenerateInDDL>true</columnDependencyConstraintGenerateInDDL>
</FKIndexAssociation>