<?xml version = '1.0' encoding = 'UTF-8'?>
<Diagram class="oracle.dbtools.crest.swingui.relational.DPVRelational" name="Relational_1" id="5D994F3B-62F2-E7E9-DF60-0453B09C3A05">
<createdBy>associate</createdBy>
<modifiedBy>associate</modifiedBy>
<createdTime>2022-03-22 16:12:56 UTC</createdTime>
<autoRoute>false</autoRoute>
<boxInbox>true</boxInbox>
<showLegend>false</showLegend>
<showLabels>false</showLabels>
<showRelAttributes>false</showRelAttributes>
<gridEnabled>false</gridEnabled>
<showGrid>false</showGrid>
<diagramColor>-1</diagramColor>
<display>false</display>
<notation>1</notation>
<objectViews>
<OView class="oracle.dbtools.crest.swingui.relational.TVTable" oid="0327DD93-F4CE-36EF-75ED-DB38ED1364C2" otype="Table" vid="32D898C1-ED9E-6B82-0280-EABF36BD0D6B">
<hideElementsInCurrentOnly>false</hideElementsInCurrentOnly>
<bounds x="980" y="565" width="170" height="173"/>
</OView>
<OView class="oracle.dbtools.crest.swingui.relational.TVTable" oid="187966ED-C03E-BBD3-CB07-BB775F18FDF6" otype="Table" vid="61DF7448-8D55-4DFC-85F3-F170A83B1351">
<hideElementsInCurrentOnly>false</hideElementsInCurrentOnly>
<bounds x="970" y="361" width="170" height="176"/>
</OView>
<OView class="oracle.dbtools.crest.swingui.relational.TVTable" oid="23F8D4FF-D775-BDB3-6C13-F405386A0D11" otype="Table" vid="104DAC95-51FD-B37F-614E-B6EC80D23EF6">
<hideElementsInCurrentOnly>false</hideElementsInCurrentOnly>
<bounds x="103" y="38" width="170" height="111"/>
</OView>
<OView class="oracle.dbtools.crest.swingui.relational.TVTable" oid="25AE648E-7BAA-183B-D9DC-4A85566EFA8F" otype="Table" vid="A7E06AD3-1A5C-6666-7EC5-3791A91874B4">
<hideElementsInCurrentOnly>false</hideElementsInCurrentOnly>
<bounds x="990" y="160" width="170" height="170"/>
</OView>
<OView class="oracle.dbtools.crest.swingui.relational.TVTable" oid="436D3F77-32E9-CC6F-1FBD-AC595E9E4B7A" otype="Table" vid="D1AD1FE6-D4EC-833E-27B6-79139D345FEE">
<hideElementsInCurrentOnly>false</hideElementsInCurrentOnly>
<bounds x="785" y="21" width="170" height="172"/>
</OView>
<OView class="oracle.dbtools.crest.swingui.relational.TVTable" oid="5AD7C91A-2DDF-1F6E-3844-7DC4460D259A" otype="Table" vid="5A0ACE33-A6C0-C2D7-80F9-11F1106AD43A">
<hideElementsInCurrentOnly>false</hideElementsInCurrentOnly>
<bounds x="991" y="26" width="170" height="111"/>
</OView>
<OView class="oracle.dbtools.crest.swingui.relational.TVTable" oid="5E06B213-5569-D9C4-BF37-E65F94340B6C" otype="Table" vid="C62D3AD8-C399-ACF5-2582-6AFE12BC0C3D">
<hideElementsInCurrentOnly>false</hideElementsInCurrentOnly>
<bounds x="508" y="0" width="238" height="290"/>
</OView>
<OView class="oracle.dbtools.crest.swingui.relational.TVTable" oid="733DFCB5-2445-BDD9-69A0-6CD1F63A8607" otype="Table" vid="D95E62E5-75A0-787B-9BCD-5520BF1EC70C">
<hideElementsInCurrentOnly>false</hideElementsInCurrentOnly>
<bounds x="100" y="164" width="170" height="111"/>
</OView>
<OView class="oracle.dbtools.crest.swingui.relational.TVTable" oid="773D0F27-D373-B5DE-0E0A-97A4CE9DE599" otype="Table" vid="09074E62-49AE-7AB3-E709-195FC2EEF752">
<hideElementsInCurrentOnly>false</hideElementsInCurrentOnly>
<bounds x="308" y="23" width="177" height="241"/>
</OView>
<OView class="oracle.dbtools.crest.swingui.relational.TVTable" oid="A47CE668-3A77-74F9-1BFD-BD3346C607FC" otype="Table" vid="3807801A-245F-DA4B-BDA9-31583F18865C">
<hideElementsInCurrentOnly>false</hideElementsInCurrentOnly>
<bounds x="412" y="554" width="170" height="111"/>
</OView>
<OView class="oracle.dbtools.crest.swingui.relational.TVTable" oid="A57C8AC8-0274-CBC1-6D2E-6573087A4888" otype="Table" vid="AA772BEE-11D9-82F4-437F-835E2D005545">
<hideElementsInCurrentOnly>false</hideElementsInCurrentOnly>
<bounds x="406" y="338" width="170" height="162"/>
</OView>
<OView class="oracle.dbtools.crest.swingui.relational.TVTable" oid="C9A81D73-B6CB-7415-C589-64699423049E" otype="Table" vid="A6228271-85EC-A9AB-ADF8-32B05CB92448">
<hideElementsInCurrentOnly>false</hideElementsInCurrentOnly>
<bounds x="1183" y="524" width="166" height="143"/>
</OView>
<OView class="oracle.dbtools.crest.swingui.relational.TVTable" oid="EAC18AC3-B4F4-EAF8-11FA-23C4F4D31AA1" otype="Table" vid="F68F5E89-3897-40A5-B5AC-1CFF8DB5B02F">
<hideElementsInCurrentOnly>false</hideElementsInCurrentOnly>
<bounds x="629" y="451" width="170" height="111"/>
</OView>
<OView class="oracle.dbtools.crest.swingui.relational.TVTable" oid="F4B32AD3-E782-BD20-7923-870A117B6D67" otype="Table" vid="A1D91BBE-9915-6892-98EE-6932D1D1B4D3">
<hideElementsInCurrentOnly>false</hideElementsInCurrentOnly>
<bounds x="763" y="230" width="183" height="171"/>
</OView>
</objectViews>
<connectors>
<Connector class="oracle.dbtools.crest.swingui.relational.TVFKRelation" oid="1A59B367-B990-516B-EA92-593D759356AD" otype="FKIndexAssociation" vid_source="A6228271-85EC-A9AB-ADF8-32B05CB92448" vid_target="32D898C1-ED9E-6B82-0280-EABF36BD0D6B">
<hideElementsInCurrentOnly>false</hideElementsInCurrentOnly>
<backgroundColor>-16777216</backgroundColor>
<lineWidth>1</lineWidth>
<points>
<point x="1183" y="631"/>
<point x="1150" y="631"/>
</points>
</Connector>
<Connector class="oracle.dbtools.crest.swingui.relational.TVFKRelation" oid="2C5B270D-7825-4915-1B84-EFBD084324CD" otype="FKIndexAssociation" vid_source="F68F5E89-3897-40A5-B5AC-1CFF8DB5B02F" vid_target="AA772BEE-11D9-82F4-437F-835E2D005545">
<hideElementsInCurrentOnly>false</hideElementsInCurrentOnly>
<backgroundColor>-16777216</backgroundColor>
<lineWidth>1</lineWidth>
<points>
<point x="629" y="460"/>
<point x="576" y="460"/>
</points>
</Connector>
<Connector class="oracle.dbtools.crest.swingui.relational.TVFKRelation" oid="34BEBFEF-085B-CDDF-6E34-6544298EA121" otype="FKIndexAssociation" vid_source="32D898C1-ED9E-6B82-0280-EABF36BD0D6B" vid_target="61DF7448-8D55-4DFC-85F3-F170A83B1351">
<hideElementsInCurrentOnly>false</hideElementsInCurrentOnly>
<backgroundColor>-16777216</backgroundColor>
<lineWidth>1</lineWidth>
<points>
<point x="1045" y="565"/>
<point x="1045" y="537"/>
</points>
</Connector>
<Connector class="oracle.dbtools.crest.swingui.relational.TVFKRelation" oid="36EEF6B0-84FE-EBA3-FEAA-E3B400FFA97B" otype="FKIndexAssociation" vid_source="09074E62-49AE-7AB3-E709-195FC2EEF752" vid_target="C62D3AD8-C399-ACF5-2582-6AFE12BC0C3D">
<hideElementsInCurrentOnly>false</hideElementsInCurrentOnly>
<backgroundColor>-16777216</backgroundColor>
<lineWidth>1</lineWidth>
<points>
<point x="485" y="98"/>
<point x="508" y="98"/>
</points>
</Connector>
<Connector class="oracle.dbtools.crest.swingui.relational.TVFKRelation" oid="43992C28-718A-7D93-918D-E471F950D064" otype="FKIndexAssociation" vid_source="5A0ACE33-A6C0-C2D7-80F9-11F1106AD43A" vid_target="D1AD1FE6-D4EC-833E-27B6-79139D345FEE">
<hideElementsInCurrentOnly>false</hideElementsInCurrentOnly>
<backgroundColor>-16777216</backgroundColor>
<lineWidth>1</lineWidth>
<points>
<point x="991" y="96"/>
<point x="955" y="96"/>
</points>
</Connector>
<Connector class="oracle.dbtools.crest.swingui.relational.TVFKRelation" oid="542683B2-DA72-909E-B03D-FF29356D3686" otype="FKIndexAssociation" vid_source="104DAC95-51FD-B37F-614E-B6EC80D23EF6" vid_target="09074E62-49AE-7AB3-E709-195FC2EEF752">
<hideElementsInCurrentOnly>false</hideElementsInCurrentOnly>
<backgroundColor>-16777216</backgroundColor>
<lineWidth>1</lineWidth>
<points>
<point x="273" y="93"/>
<point x="308" y="93"/>
</points>
</Connector>
<Connector class="oracle.dbtools.crest.swingui.relational.TVFKRelation" oid="58C3B2CC-C746-4B91-C2A7-B7CDFD6E32E5" otype="FKIndexAssociation" vid_source="3807801A-245F-DA4B-BDA9-31583F18865C" vid_target="AA772BEE-11D9-82F4-437F-835E2D005545">
<hideElementsInCurrentOnly>false</hideElementsInCurrentOnly>
<backgroundColor>-16777216</backgroundColor>
<lineWidth>1</lineWidth>
<points>
<point x="479" y="554"/>
<point x="479" y="500"/>
</points>
</Connector>
<Connector class="oracle.dbtools.crest.swingui.relational.TVFKRelation" oid="638B9869-AC79-1231-5D55-AE8746DAD48A" otype="FKIndexAssociation" vid_source="A7E06AD3-1A5C-6666-7EC5-3791A91874B4" vid_target="61DF7448-8D55-4DFC-85F3-F170A83B1351">
<hideElementsInCurrentOnly>false</hideElementsInCurrentOnly>
<backgroundColor>-16777216</backgroundColor>
<lineWidth>1</lineWidth>
<points>
<point x="1080" y="330"/>
<point x="1080" y="361"/>
</points>
</Connector>
<Connector class="oracle.dbtools.crest.swingui.relational.TVFKRelation" oid="6690A1B6-2D80-86B5-3D16-6A44CDA661B0" otype="FKIndexAssociation" vid_source="C62D3AD8-C399-ACF5-2582-6AFE12BC0C3D" vid_target="09074E62-49AE-7AB3-E709-195FC2EEF752">
<hideElementsInCurrentOnly>false</hideElementsInCurrentOnly>
<backgroundColor>-16777216</backgroundColor>
<lineWidth>1</lineWidth>
<points>
<point x="508" y="218"/>
<point x="485" y="218"/>
</points>
</Connector>
<Connector class="oracle.dbtools.crest.swingui.relational.TVFKRelation" oid="66FAA274-EEE2-0462-62A7-ED9056BB663D" otype="FKIndexAssociation" vid_source="AA772BEE-11D9-82F4-437F-835E2D005545" vid_target="3807801A-245F-DA4B-BDA9-31583F18865C">
<hideElementsInCurrentOnly>false</hideElementsInCurrentOnly>
<backgroundColor>-16777216</backgroundColor>
<lineWidth>1</lineWidth>
<points>
<point x="509" y="500"/>
<point x="509" y="554"/>
</points>
</Connector>
<Connector class="oracle.dbtools.crest.swingui.relational.TVFKRelation" oid="71542A5C-DE71-A3BB-EC21-0980762D7F1A" otype="FKIndexAssociation" vid_source="C62D3AD8-C399-ACF5-2582-6AFE12BC0C3D" vid_target="D1AD1FE6-D4EC-833E-27B6-79139D345FEE">
<hideElementsInCurrentOnly>false</hideElementsInCurrentOnly>
<backgroundColor>-16777216</backgroundColor>
<lineWidth>1</lineWidth>
<points>
<point x="746" y="107"/>
<point x="785" y="107"/>
</points>
</Connector>
<Connector class="oracle.dbtools.crest.swingui.relational.TVFKRelation" oid="754BA6EB-3612-A841-7287-838A2F8F3442" otype="FKIndexAssociation" vid_source="AA772BEE-11D9-82F4-437F-835E2D005545" vid_target="C62D3AD8-C399-ACF5-2582-6AFE12BC0C3D">
<hideElementsInCurrentOnly>false</hideElementsInCurrentOnly>
<backgroundColor>-16777216</backgroundColor>
<lineWidth>1</lineWidth>
<points>
<point x="527" y="338"/>
<point x="527" y="290"/>
</points>
</Connector>
<Connector class="oracle.dbtools.crest.swingui.relational.TVFKRelation" oid="7C570582-8EA8-F592-22F7-850315907AC0" otype="FKIndexAssociation" vid_source="C62D3AD8-C399-ACF5-2582-6AFE12BC0C3D" vid_target="AA772BEE-11D9-82F4-437F-835E2D005545">
<hideElementsInCurrentOnly>false</hideElementsInCurrentOnly>
<backgroundColor>-16777216</backgroundColor>
<lineWidth>1</lineWidth>
<points>
<point x="557" y="290"/>
<point x="557" y="338"/>
</points>
</Connector>
<Connector class="oracle.dbtools.crest.swingui.relational.TVFKRelation" oid="7EACA4A2-C5F8-FAE0-8CF7-C3D937E1B97F" otype="FKIndexAssociation" vid_source="A7E06AD3-1A5C-6666-7EC5-3791A91874B4" vid_target="A1D91BBE-9915-6892-98EE-6932D1D1B4D3">
<hideElementsInCurrentOnly>false</hideElementsInCurrentOnly>
<backgroundColor>-16777216</backgroundColor>
<lineWidth>1</lineWidth>
<points>
<point x="990" y="295"/>
<point x="946" y="295"/>
</points>
</Connector>
<Connector class="oracle.dbtools.crest.swingui.relational.TVFKRelation" oid="9BD94259-3390-D615-F63A-D7687C9BD21D" otype="FKIndexAssociation" vid_source="D95E62E5-75A0-787B-9BCD-5520BF1EC70C" vid_target="09074E62-49AE-7AB3-E709-195FC2EEF752">
<hideElementsInCurrentOnly>false</hideElementsInCurrentOnly>
<backgroundColor>-16777216</backgroundColor>
<lineWidth>1</lineWidth>
<points>
<point x="270" y="214"/>
<point x="308" y="214"/>
</points>
</Connector>
<Connector class="oracle.dbtools.crest.swingui.relational.TVFKRelation" oid="AB7C0681-65D7-39B7-B16D-E0746F97E48A" otype="FKIndexAssociation" vid_source="F68F5E89-3897-40A5-B5AC-1CFF8DB5B02F" vid_target="3807801A-245F-DA4B-BDA9-31583F18865C">
<hideElementsInCurrentOnly>false</hideElementsInCurrentOnly>
<backgroundColor>-16777216</backgroundColor>
<lineWidth>1</lineWidth>
<points>
<point x="629" y="558"/>
<point x="582" y="558"/>
</points>
</Connector>
</connectors>
</Diagram>