<?xml version = '1.0' encoding = 'UTF-8'?>
<Relation class="oracle.dbtools.crest.model.design.logical.Relation" name="Customer_Answers_Answers" directorySegmentName="seg_0" id="04172392-0860-D057-94EA-C8AD0038BAC3">
<createdBy>associate</createdBy>
<createdTime>2022-03-22 14:05:11 UTC</createdTime>
<ownerDesignName>RISK PROFILE AND FUND OFFERING</ownerDesignName>
<engineerTo>
<item key="98E11774-2A42-BC2F-4D84-2A738D6FD971" value="true"/>
</engineerTo>
<sourcePk>A56A5B50-DD4B-AC72-CE2C-659398AAB69F</sourcePk>
<targetPk>54D1A1EC-EF12-5DA0-2327-2B08110F965F</targetPk>
<identifying>false</identifying>
<optionalSource>false</optionalSource>
<optionalTarget>false</optionalTarget>
<sourceCardinality>*</sourceCardinality>
<sourceEntity>1F7BD084-8235-D672-6032-BC34DF743182</sourceEntity>
<targetCardinalityString>1</targetCardinalityString>
<targetEntity>E6326F8F-EF26-A073-7B35-E84CFBB7BF73</targetEntity>
<transferable>true</transferable>
<deleteRule>NO ACTION</deleteRule>
</Relation>