<?xml version = '1.0' encoding = 'UTF-8'?>
<Relation class="oracle.dbtools.crest.model.design.logical.Relation" name="Customer_Assets_Objectives" directorySegmentName="seg_0" id="403B75F9-837E-365F-B8BF-CB8A60AA0467">
<createdBy>associate</createdBy>
<createdTime>2022-03-22 13:44:24 UTC</createdTime>
<ownerDesignName>RISK PROFILE AND FUND OFFERING</ownerDesignName>
<engineerTo>
<item key="98E11774-2A42-BC2F-4D84-2A738D6FD971" value="true"/>
</engineerTo>
<sourcePk>7F2A189A-B9C3-7D69-13F0-81FF236D3277</sourcePk>
<targetPk>1DAD2B74-216D-9F75-D904-9321BCCBC37D</targetPk>
<identifying>false</identifying>
<optionalSource>false</optionalSource>
<optionalTarget>false</optionalTarget>
<sourceCardinality>*</sourceCardinality>
<sourceEntity>20D6757D-3C8A-7BFC-D40E-283907FF06EF</sourceEntity>
<targetCardinalityString>1</targetCardinalityString>
<targetEntity>9D2C47BF-EE50-0B99-FC88-958F25E718F8</targetEntity>
<transferable>true</transferable>
<deleteRule>NO ACTION</deleteRule>
</Relation>