<?xml version = '1.0' encoding = 'UTF-8'?>
<Relation class="oracle.dbtools.crest.model.design.logical.Relation" name="Relation_17" directorySegmentName="seg_0" id="62963476-1315-5759-7C21-50421BE6FEF1">
<createdBy>associate</createdBy>
<createdTime>2022-03-23 17:49:20 UTC</createdTime>
<ownerDesignName>RiskProfileandFundOffering</ownerDesignName>
<engineerTo>
<item key="98E11774-2A42-BC2F-4D84-2A738D6FD971" value="true"/>
</engineerTo>
<sourcePk>12A50D9B-927A-6F9F-23DF-E9DF687F4C8F</sourcePk>
<targetPk>59B71777-8ED1-207A-6C9B-BA3CE5530891</targetPk>
<identifying>false</identifying>
<optionalSource>false</optionalSource>
<optionalTarget>false</optionalTarget>
<sourceCardinality>1</sourceCardinality>
<sourceEntity>B946627F-7165-720D-A28A-63B013F3D6B9</sourceEntity>
<targetCardinalityString>*</targetCardinalityString>
<targetEntity>C4F21553-CFD8-C962-6166-EC36DF9113B3</targetEntity>
<transferable>true</transferable>
<deleteRule>NO ACTION</deleteRule>
</Relation>