<?xml version = '1.0' encoding = 'UTF-8'?>
<Relation class="oracle.dbtools.crest.model.design.logical.Relation" name="Customer_Customer_Assets" directorySegmentName="seg_0" id="6CCDE4DF-07D2-9AE4-844D-BAE6508E4183">
<createdBy>associate</createdBy>
<createdTime>2022-03-22 13:38:20 UTC</createdTime>
<ownerDesignName>RISK PROFILE AND FUND OFFERING</ownerDesignName>
<engineerTo>
<item key="98E11774-2A42-BC2F-4D84-2A738D6FD971" value="true"/>
</engineerTo>
<sourcePk>ADD3A5D2-88DA-73FB-6D73-368A2FD944E6</sourcePk>
<targetPk>7F2A189A-B9C3-7D69-13F0-81FF236D3277</targetPk>
<identifying>false</identifying>
<optionalSource>false</optionalSource>
<optionalTarget>false</optionalTarget>
<sourceCardinality>1</sourceCardinality>
<sourceEntity>001347CF-FF1C-D918-8EDE-5F828E3C51C8</sourceEntity>
<targetCardinalityString>*</targetCardinalityString>
<targetEntity>20D6757D-3C8A-7BFC-D40E-283907FF06EF</targetEntity>
<transferable>true</transferable>
<deleteRule>NO ACTION</deleteRule>
</Relation>