<?xml version = '1.0' encoding = 'UTF-8'?>
<Relation class="oracle.dbtools.crest.model.design.logical.Relation" name="Relation_19" directorySegmentName="seg_0" id="76A2B925-ECCD-11F4-E098-E71FDA9D9E9D">
<createdBy>associate</createdBy>
<createdTime>2022-03-23 17:56:11 UTC</createdTime>
<ownerDesignName>RiskProfileandFundOffering</ownerDesignName>
<engineerTo>
<item key="98E11774-2A42-BC2F-4D84-2A738D6FD971" value="true"/>
</engineerTo>
<sourcePk>59B71777-8ED1-207A-6C9B-BA3CE5530891</sourcePk>
<targetPk>F902D852-4EB5-11AB-8DC8-A8D6D51D0C84</targetPk>
<identifying>false</identifying>
<optionalSource>false</optionalSource>
<optionalTarget>false</optionalTarget>
<sourceCardinality>*</sourceCardinality>
<sourceEntity>C4F21553-CFD8-C962-6166-EC36DF9113B3</sourceEntity>
<targetCardinalityString>1</targetCardinalityString>
<targetEntity>BB5B4B20-6BA3-8CB5-F5D6-97039E66C236</targetEntity>
<transferable>true</transferable>
<deleteRule>NO ACTION</deleteRule>
</Relation>