<?xml version = '1.0' encoding = 'UTF-8'?>
<Relation class="oracle.dbtools.crest.model.design.logical.Relation" name="Potential_Funds_To_Fund_Assets" directorySegmentName="seg_0" id="7FF67152-2625-87E4-992A-3E812F339046">
<createdBy>associate</createdBy>
<createdTime>2022-03-22 14:54:07 UTC</createdTime>
<ownerDesignName>RISK PROFILE AND FUND OFFERING</ownerDesignName>
<engineerTo>
<item key="98E11774-2A42-BC2F-4D84-2A738D6FD971" value="true"/>
</engineerTo>
<sourcePk>DBB3FAE1-38E4-EEA4-BEFE-343989F8967C</sourcePk>
<targetPk>00B7518E-1FFA-BDF7-003E-54422D4D4B8B</targetPk>
<identifying>false</identifying>
<optionalSource>false</optionalSource>
<optionalTarget>false</optionalTarget>
<sourceCardinality>*</sourceCardinality>
<sourceEntity>88EF6748-581C-0952-A3B7-927D99138E7C</sourceEntity>
<targetCardinalityString>1</targetCardinalityString>
<targetEntity>A8864B4A-8126-46E9-B5FF-A234FF71F0A5</targetEntity>
<transferable>true</transferable>
<deleteRule>NO ACTION</deleteRule>
</Relation>