<?xml version = '1.0' encoding = 'UTF-8'?>
<Relation class="oracle.dbtools.crest.model.design.logical.Relation" name="Relation_16" directorySegmentName="seg_0" id="9085E28F-DBD9-C1AC-969D-6EF2D268A867">
<createdBy>associate</createdBy>
<createdTime>2022-03-23 17:44:49 UTC</createdTime>
<ownerDesignName>RiskProfileandFundOffering</ownerDesignName>
<engineerTo>
<item key="98E11774-2A42-BC2F-4D84-2A738D6FD971" value="true"/>
</engineerTo>
<sourcePk>ADD3A5D2-88DA-73FB-6D73-368A2FD944E6</sourcePk>
<targetPk>59B71777-8ED1-207A-6C9B-BA3CE5530891</targetPk>
<identifying>false</identifying>
<optionalSource>false</optionalSource>
<optionalTarget>false</optionalTarget>
<sourceCardinality>1</sourceCardinality>
<sourceEntity>001347CF-FF1C-D918-8EDE-5F828E3C51C8</sourceEntity>
<targetCardinalityString>1</targetCardinalityString>
<targetEntity>C4F21553-CFD8-C962-6166-EC36DF9113B3</targetEntity>
<transferable>true</transferable>
<deleteRule>NO ACTION</deleteRule>
</Relation>