<?xml version = '1.0' encoding = 'UTF-8'?>
<Relation class="oracle.dbtools.crest.model.design.logical.Relation" name="Customer_Answers_To _Questions" directorySegmentName="seg_0" id="B2217D66-98FE-6798-9D52-D421F09A3E4A">
<createdBy>associate</createdBy>
<createdTime>2022-03-22 14:15:05 UTC</createdTime>
<ownerDesignName>RISK PROFILE AND FUND OFFERING</ownerDesignName>
<engineerTo>
<item key="98E11774-2A42-BC2F-4D84-2A738D6FD971" value="true"/>
</engineerTo>
<sourcePk>A1D69C54-7052-AE81-03B7-66BAE4A12365</sourcePk>
<targetPk>54D1A1EC-EF12-5DA0-2327-2B08110F965F</targetPk>
<identifying>false</identifying>
<optionalSource>false</optionalSource>
<optionalTarget>false</optionalTarget>
<sourceCardinality>*</sourceCardinality>
<sourceEntity>29D5B4E8-802E-69F9-52EB-380C0024EDEB</sourceEntity>
<targetCardinalityString>1</targetCardinalityString>
<targetEntity>E6326F8F-EF26-A073-7B35-E84CFBB7BF73</targetEntity>
<transferable>true</transferable>
<deleteRule>NO ACTION</deleteRule>
</Relation>