<?xml version = '1.0' encoding = 'UTF-8'?>
<Relation class="oracle.dbtools.crest.model.design.logical.Relation" name="Fund_Targets_To_Potential_Funds" directorySegmentName="seg_0" id="B400F794-9B6F-417E-4C08-F2F9B7D8918D">
<createdBy>associate</createdBy>
<createdTime>2022-03-22 14:32:02 UTC</createdTime>
<ownerDesignName>RISK PROFILE AND FUND OFFERING</ownerDesignName>
<engineerTo>
<item key="98E11774-2A42-BC2F-4D84-2A738D6FD971" value="true"/>
</engineerTo>
<sourcePk>35BF4489-2D09-4AD0-11C5-560F115BD309</sourcePk>
<targetPk>00B7518E-1FFA-BDF7-003E-54422D4D4B8B</targetPk>
<identifying>false</identifying>
<optionalSource>false</optionalSource>
<optionalTarget>false</optionalTarget>
<sourceCardinality>*</sourceCardinality>
<sourceEntity>07A4638F-35F9-6FAB-6C66-B3D443A5E2D0</sourceEntity>
<targetCardinalityString>1</targetCardinalityString>
<targetEntity>A8864B4A-8126-46E9-B5FF-A234FF71F0A5</targetEntity>
<transferable>true</transferable>
<deleteRule>NO ACTION</deleteRule>
</Relation>