<?xml version = '1.0' encoding = 'UTF-8'?>
<Relation class="oracle.dbtools.crest.model.design.logical.Relation" name="Asset_Claases_To_Fee_Structures" directorySegmentName="seg_0" id="C335A91A-933C-1173-E31E-FF8D7CD0CAFF">
<createdBy>associate</createdBy>
<createdTime>2022-03-22 14:57:47 UTC</createdTime>
<ownerDesignName>RISK PROFILE AND FUND OFFERING</ownerDesignName>
<engineerTo>
<item key="98E11774-2A42-BC2F-4D84-2A738D6FD971" value="true"/>
</engineerTo>
<sourcePk>17D2944D-FD4C-15A1-8AE1-B854F122C893</sourcePk>
<targetPk>2120865E-71C1-2165-53A9-D44BDB7DEE03</targetPk>
<identifying>false</identifying>
<optionalSource>false</optionalSource>
<optionalTarget>false</optionalTarget>
<sourceCardinality>*</sourceCardinality>
<sourceEntity>33CF152C-3436-22F7-5BC4-80A8CC039C0B</sourceEntity>
<targetCardinalityString>1</targetCardinalityString>
<targetEntity>B3D394E6-0C92-15F3-1926-5BC67EE0E6A9</targetEntity>
<transferable>true</transferable>
<deleteRule>NO ACTION</deleteRule>
</Relation>