<?xml version = '1.0' encoding = 'UTF-8'?>
<Relation class="oracle.dbtools.crest.model.design.logical.Relation" name="Fund_Assets_To_Asset_Classes" directorySegmentName="seg_0" id="EC8A1033-60B9-5789-31A0-1ECFF8279D27">
<createdBy>associate</createdBy>
<createdTime>2022-03-22 14:56:11 UTC</createdTime>
<ownerDesignName>RISK PROFILE AND FUND OFFERING</ownerDesignName>
<engineerTo>
<item key="98E11774-2A42-BC2F-4D84-2A738D6FD971" value="true"/>
</engineerTo>
<sourcePk>DBB3FAE1-38E4-EEA4-BEFE-343989F8967C</sourcePk>
<targetPk>17D2944D-FD4C-15A1-8AE1-B854F122C893</targetPk>
<identifying>false</identifying>
<optionalSource>false</optionalSource>
<optionalTarget>false</optionalTarget>
<sourceCardinality>*</sourceCardinality>
<sourceEntity>88EF6748-581C-0952-A3B7-927D99138E7C</sourceEntity>
<targetCardinalityString>1</targetCardinalityString>
<targetEntity>33CF152C-3436-22F7-5BC4-80A8CC039C0B</targetEntity>
<transferable>true</transferable>
<deleteRule>NO ACTION</deleteRule>
</Relation>