<?xml version = '1.0' encoding = 'UTF-8'?>
<Relation class="oracle.dbtools.crest.model.design.logical.Relation" name="Customer_Customer_Answers" directorySegmentName="seg_0" id="EEE40E41-3D77-EBA1-2158-33F3B34F4AD2">
<createdBy>associate</createdBy>
<createdTime>2022-03-22 13:49:29 UTC</createdTime>
<ownerDesignName>RISK PROFILE AND FUND OFFERING</ownerDesignName>
<engineerTo>
<item key="98E11774-2A42-BC2F-4D84-2A738D6FD971" value="true"/>
</engineerTo>
<sourcePk>54D1A1EC-EF12-5DA0-2327-2B08110F965F</sourcePk>
<identifying>false</identifying>
<optionalSource>false</optionalSource>
<optionalTarget>false</optionalTarget>
<sourceCardinality>1</sourceCardinality>
<sourceEntity>E6326F8F-EF26-A073-7B35-E84CFBB7BF73</sourceEntity>
<targetCardinalityString>*</targetCardinalityString>
<targetEntity>001347CF-FF1C-D918-8EDE-5F828E3C51C8</targetEntity>
<transferable>true</transferable>
<deleteRule>NO ACTION</deleteRule>
</Relation>