<?xml version = '1.0' encoding = 'UTF-8'?>
<TableProxyOraclev12c class="oracle.dbtools.crest.model.design.storage.oracle.v12c.TableProxyOraclev12c" name="RM_Asset_Classes" directorySegmentName="seg_0" id="0327DD93-F4CE-36EF-75ED-DB38ED1364C2">
<createdBy>associate</createdBy>
<createdTime>2022-03-23 11:52:02 UTC</createdTime>
<ownerDesignName>RiskProfileandFundOffering</ownerDesignName>
<logging>YES</logging>
<partitionedRowMovement>DISABLE</partitionedRowMovement>
<temporaryChanged>false</temporaryChanged>
<accessDriverType>oracle_loader</accessDriverType>
<rejectLimit></rejectLimit>
<columnProxies itemClass="oracle.dbtools.crest.model.design.storage.oracle.v12c.ColumnProxyOraclev12c">
<ColumnProxy name="Risk_Low_End" id="6B8987FD-9CB3-5B0D-622E-BF4017F5266D">
<createdBy>associate</createdBy>
<createdTime>2022-03-23 11:52:02 UTC</createdTime>
<ownerDesignName>RiskProfileandFundOffering</ownerDesignName>
</ColumnProxy>
<ColumnProxy name="Risk_High_End" id="6D370694-4F56-1356-541F-8F3256B07468">
<createdBy>associate</createdBy>
<createdTime>2022-03-23 11:52:02 UTC</createdTime>
<ownerDesignName>RiskProfileandFundOffering</ownerDesignName>
</ColumnProxy>
<ColumnProxy name="RM_Fee_Struc_Fee_Struc_ID" id="A75184C1-E89D-A341-E18A-24DFE65A9F33">
<createdBy>associate</createdBy>
<createdTime>2022-03-23 18:33:24 UTC</createdTime>
<ownerDesignName>RiskProfileandFundOffering</ownerDesignName>
</ColumnProxy>
<ColumnProxy name="Fee_Structure_ID" id="D3B345A8-0CA1-4F19-B963-80885983213D">
<createdBy>associate</createdBy>
<createdTime>2022-03-23 11:52:02 UTC</createdTime>
<ownerDesignName>RiskProfileandFundOffering</ownerDesignName>
</ColumnProxy>
<ColumnProxy name="Asset_Class_Name" id="D508B743-628F-AF9F-AD9F-939972AE3D76">
<createdBy>associate</createdBy>
<createdTime>2022-03-23 11:52:02 UTC</createdTime>
<ownerDesignName>RiskProfileandFundOffering</ownerDesignName>
</ColumnProxy>
<ColumnProxy name="Asset_Class_ID" id="F41708EB-151E-43D0-D8F4-B67A0FA9A82A">
<createdBy>associate</createdBy>
<createdTime>2022-03-23 11:52:02 UTC</createdTime>
<ownerDesignName>RiskProfileandFundOffering</ownerDesignName>
</ColumnProxy>
</columnProxies>
<foreignKeys>
<ForeignKey class="oracle.dbtools.crest.model.design.storage.oracle.v10g.FKProxyOraclev10g" name="RM_Ast_Clas_RM_Fee_Struc_FK" id="1347E05A-772D-5FA4-0489-1F83C7F430FC">
<createdBy>associate</createdBy>
<createdTime>2022-03-23 18:33:24 UTC</createdTime>
<ownerDesignName>RiskProfileandFundOffering</ownerDesignName>
</ForeignKey>
</foreignKeys>
<primaryKeys>
<PrimaryKey class="oracle.dbtools.crest.model.design.storage.oracle.v10g.PKProxyOraclev10g" name="RM_Asset_Classes_PK" id="7A736993-B16C-F99F-5910-E0A81445E11B">
<createdBy>associate</createdBy>
<createdTime>2022-03-23 11:52:02 UTC</createdTime>
<ownerDesignName>RiskProfileandFundOffering</ownerDesignName>
<indexSort>SORTED</indexSort>
</PrimaryKey>
</primaryKeys>
</TableProxyOraclev12c>