<?xml version = '1.0' encoding = 'UTF-8'?>
<TableProxyOraclev12c class="oracle.dbtools.crest.model.design.storage.oracle.v12c.TableProxyOraclev12c" name="RM_Engagement_Type" directorySegmentName="seg_0" id="23F8D4FF-D775-BDB3-6C13-F405386A0D11">
<createdBy>associate</createdBy>
<createdTime>2022-03-23 11:52:02 UTC</createdTime>
<ownerDesignName>RiskProfileandFundOffering</ownerDesignName>
<logging>YES</logging>
<partitionedRowMovement>DISABLE</partitionedRowMovement>
<temporaryChanged>false</temporaryChanged>
<accessDriverType>oracle_loader</accessDriverType>
<rejectLimit></rejectLimit>
<columnProxies itemClass="oracle.dbtools.crest.model.design.storage.oracle.v12c.ColumnProxyOraclev12c">
<ColumnProxy name="Engagement_Type_ID" id="B2CBE44B-58CC-082B-6293-0BAA3D4AC87B">
<createdBy>associate</createdBy>
<createdTime>2022-03-23 11:52:02 UTC</createdTime>
<ownerDesignName>RiskProfileandFundOffering</ownerDesignName>
</ColumnProxy>
<ColumnProxy name="Engagement_Type_Name" id="FA1FA45C-8D75-94F0-5EC1-CA782EBA4F52">
<createdBy>associate</createdBy>
<createdTime>2022-03-23 11:52:02 UTC</createdTime>
<ownerDesignName>RiskProfileandFundOffering</ownerDesignName>
</ColumnProxy>
</columnProxies>
<primaryKeys>
<PrimaryKey class="oracle.dbtools.crest.model.design.storage.oracle.v10g.PKProxyOraclev10g" name="RM_Engagement_Type_PK" id="784C8F0F-448E-0A9A-FFB8-13A59B811211">
<createdBy>associate</createdBy>
<createdTime>2022-03-23 11:52:02 UTC</createdTime>
<ownerDesignName>RiskProfileandFundOffering</ownerDesignName>
<indexSort>SORTED</indexSort>
</PrimaryKey>
</primaryKeys>
</TableProxyOraclev12c>