<?xml version = '1.0' encoding = 'UTF-8'?>
<TableProxyOraclev12c class="oracle.dbtools.crest.model.design.storage.oracle.v12c.TableProxyOraclev12c" name="RM_Potential_Funds" directorySegmentName="seg_0" id="25AE648E-7BAA-183B-D9DC-4A85566EFA8F">
<createdBy>associate</createdBy>
<createdTime>2022-03-23 11:52:02 UTC</createdTime>
<ownerDesignName>RiskProfileandFundOffering</ownerDesignName>
<logging>YES</logging>
<partitionedRowMovement>DISABLE</partitionedRowMovement>
<temporaryChanged>false</temporaryChanged>
<accessDriverType>oracle_loader</accessDriverType>
<rejectLimit></rejectLimit>
<columnProxies itemClass="oracle.dbtools.crest.model.design.storage.oracle.v12c.ColumnProxyOraclev12c">
<ColumnProxy name="Fund_ID" id="1CE4CC65-2CDF-6A7A-C186-01B54D283387">
<createdBy>associate</createdBy>
<createdTime>2022-03-23 11:52:02 UTC</createdTime>
<ownerDesignName>RiskProfileandFundOffering</ownerDesignName>
</ColumnProxy>
<ColumnProxy name="Fund_Description" id="24784CD4-8BBE-F137-5B08-45FCC76615FB">
<createdBy>associate</createdBy>
<createdTime>2022-03-23 11:52:02 UTC</createdTime>
<ownerDesignName>RiskProfileandFundOffering</ownerDesignName>
</ColumnProxy>
<ColumnProxy name="Test" id="26F8ACEE-A002-A715-3335-2DB082C85617">
<createdBy>associate</createdBy>
<createdTime>2022-03-23 11:52:02 UTC</createdTime>
<ownerDesignName>RiskProfileandFundOffering</ownerDesignName>
</ColumnProxy>
<ColumnProxy name="Fund_Name" id="A2A0F025-2FF9-088D-88ED-F03FF117A0C9">
<createdBy>associate</createdBy>
<createdTime>2022-03-23 11:52:02 UTC</createdTime>
<ownerDesignName>RiskProfileandFundOffering</ownerDesignName>
</ColumnProxy>
<ColumnProxy name="Maximum_Investment_Allowed" id="BEE807B1-14A0-BC8F-226A-8F5B1A09AEB4">
<createdBy>associate</createdBy>
<createdTime>2022-03-23 11:52:02 UTC</createdTime>
<ownerDesignName>RiskProfileandFundOffering</ownerDesignName>
</ColumnProxy>
<ColumnProxy name="Minimum_Investment_Required" id="E7F85930-A1B5-B5F1-C2DD-43175C4DBA7C">
<createdBy>associate</createdBy>
<createdTime>2022-03-23 11:52:02 UTC</createdTime>
<ownerDesignName>RiskProfileandFundOffering</ownerDesignName>
</ColumnProxy>
</columnProxies>
<primaryKeys>
<PrimaryKey class="oracle.dbtools.crest.model.design.storage.oracle.v10g.PKProxyOraclev10g" name="RM_Potential_Funds_PK" id="4B263B63-8954-6B6B-5AE1-4E061EC9E799">
<createdBy>associate</createdBy>
<createdTime>2022-03-23 11:52:02 UTC</createdTime>
<ownerDesignName>RiskProfileandFundOffering</ownerDesignName>
<indexSort>SORTED</indexSort>
</PrimaryKey>
</primaryKeys>
</TableProxyOraclev12c>