<?xml version = '1.0' encoding = 'UTF-8'?>
<TableProxyOraclev12c class="oracle.dbtools.crest.model.design.storage.oracle.v12c.TableProxyOraclev12c" name="RM_Customers" directorySegmentName="seg_0" id="5E06B213-5569-D9C4-BF37-E65F94340B6C">
<createdBy>associate</createdBy>
<createdTime>2022-03-23 11:52:02 UTC</createdTime>
<ownerDesignName>RiskProfileandFundOffering</ownerDesignName>
<logging>YES</logging>
<partitionedRowMovement>DISABLE</partitionedRowMovement>
<temporaryChanged>false</temporaryChanged>
<accessDriverType>oracle_loader</accessDriverType>
<rejectLimit></rejectLimit>
<columnProxies itemClass="oracle.dbtools.crest.model.design.storage.oracle.v12c.ColumnProxyOraclev12c">
<ColumnProxy name="Contact_Last_Name" id="1CC1FD1C-0C6B-01CE-FBC9-DFE3441FA79D">
<createdBy>associate</createdBy>
<createdTime>2022-03-23 11:52:02 UTC</createdTime>
<ownerDesignName>RiskProfileandFundOffering</ownerDesignName>
</ColumnProxy>
<ColumnProxy name="Contact_First_Name" id="1E18A40A-12DE-777F-91AE-C49F0745FBB2">
<createdBy>associate</createdBy>
<createdTime>2022-03-23 11:52:02 UTC</createdTime>
<ownerDesignName>RiskProfileandFundOffering</ownerDesignName>
</ColumnProxy>
<ColumnProxy name="RM_Cust_Ans_Cust_Ans_ID" id="2A508C12-5711-662E-F025-63B7DDBDD1CE">
<createdBy>associate</createdBy>
<createdTime>2022-03-23 18:33:24 UTC</createdTime>
<ownerDesignName>RiskProfileandFundOffering</ownerDesignName>
</ColumnProxy>
<ColumnProxy name="Age" id="458F2F39-9D6C-0520-0762-F564C51844DB">
<createdBy>associate</createdBy>
<createdTime>2022-03-23 11:52:02 UTC</createdTime>
<ownerDesignName>RiskProfileandFundOffering</ownerDesignName>
</ColumnProxy>
<ColumnProxy name="Gender" id="4B95BD3A-2921-8EFC-9837-8132B3278D76">
<createdBy>associate</createdBy>
<createdTime>2022-03-23 11:52:02 UTC</createdTime>
<ownerDesignName>RiskProfileandFundOffering</ownerDesignName>
</ColumnProxy>
<ColumnProxy name="Customer_ID" id="51FBBE75-C3DA-8BA9-746C-31708E3FE30A">
<createdBy>associate</createdBy>
<createdTime>2022-03-23 11:52:02 UTC</createdTime>
<ownerDesignName>RiskProfileandFundOffering</ownerDesignName>
</ColumnProxy>
<ColumnProxy name="Country" id="67295B91-5BC9-DB87-EC29-9020399351D5">
<createdBy>associate</createdBy>
<createdTime>2022-03-23 11:52:02 UTC</createdTime>
<ownerDesignName>RiskProfileandFundOffering</ownerDesignName>
</ColumnProxy>
<ColumnProxy name="Cust_Eng_Pref_Cust_ID" id="7B916B97-59B2-EA06-2B51-9E0A26966856">
<createdBy>associate</createdBy>
<createdTime>2022-03-23 18:33:24 UTC</createdTime>
<ownerDesignName>RiskProfileandFundOffering</ownerDesignName>
</ColumnProxy>
<ColumnProxy name="Marital_Status" id="86C7E258-F013-6F69-6D21-DE813383F02D">
<createdBy>associate</createdBy>
<createdTime>2022-03-23 11:52:02 UTC</createdTime>
<ownerDesignName>RiskProfileandFundOffering</ownerDesignName>
</ColumnProxy>
<ColumnProxy name="Zip" id="A0F0215C-65C9-C96B-F03A-E9D3EA6F6BAB">
<createdBy>associate</createdBy>
<createdTime>2022-03-23 11:52:02 UTC</createdTime>
<ownerDesignName>RiskProfileandFundOffering</ownerDesignName>
</ColumnProxy>
<ColumnProxy name="Number_Of_Dependents" id="ABE31ED3-F130-1D4F-8E55-FF90AE724B09">
<createdBy>associate</createdBy>
<createdTime>2022-03-23 11:52:02 UTC</createdTime>
<ownerDesignName>RiskProfileandFundOffering</ownerDesignName>
</ColumnProxy>
<ColumnProxy name="State" id="C9187524-F461-8A99-0937-C265BAF2FDE9">
<createdBy>associate</createdBy>
<createdTime>2022-03-23 11:52:02 UTC</createdTime>
<ownerDesignName>RiskProfileandFundOffering</ownerDesignName>
</ColumnProxy>
<ColumnProxy name="City" id="D58C8F44-83B2-822B-2E12-0675E4911DFD">
<createdBy>associate</createdBy>
<createdTime>2022-03-23 11:52:02 UTC</createdTime>
<ownerDesignName>RiskProfileandFundOffering</ownerDesignName>
</ColumnProxy>
<ColumnProxy name="Street" id="F0D60EEB-9802-C71D-5AF1-1C363C1427A4">
<createdBy>associate</createdBy>
<createdTime>2022-03-23 11:52:02 UTC</createdTime>
<ownerDesignName>RiskProfileandFundOffering</ownerDesignName>
</ColumnProxy>
</columnProxies>
<indexProxies>
<IndexProxy class="oracle.dbtools.crest.model.design.storage.oracle.v10g.IndexProxyOraclev10g" name="RM_Customers__IDX" id="F2070D36-71B2-B520-F8E3-802C286E1306">
<createdBy>associate</createdBy>
<createdTime>2022-03-23 18:33:24 UTC</createdTime>
<ownerDesignName>RiskProfileandFundOffering</ownerDesignName>
</IndexProxy>
</indexProxies>
<foreignKeys>
<ForeignKey class="oracle.dbtools.crest.model.design.storage.oracle.v10g.FKProxyOraclev10g" name="RM_Cust_RM_Cust_Ans_FK" id="8CBFB3BF-1773-9E87-8253-58EF46648C27">
<createdBy>associate</createdBy>
<createdTime>2022-03-23 18:33:24 UTC</createdTime>
<ownerDesignName>RiskProfileandFundOffering</ownerDesignName>
</ForeignKey>
<ForeignKey class="oracle.dbtools.crest.model.design.storage.oracle.v10g.FKProxyOraclev10g" name="RM_Cust_Cust_Eng_Pref_FK" id="FB61A1A9-3EF8-C19B-1108-F3993D0C9DCC">
<createdBy>associate</createdBy>
<createdTime>2022-03-23 18:33:24 UTC</createdTime>
<ownerDesignName>RiskProfileandFundOffering</ownerDesignName>
</ForeignKey>
</foreignKeys>
<primaryKeys>
<PrimaryKey class="oracle.dbtools.crest.model.design.storage.oracle.v10g.PKProxyOraclev10g" name="RM_Customers_PK" id="72AE2D9C-7B95-B0E9-7B79-BBE3CB243F2F">
<createdBy>associate</createdBy>
<createdTime>2022-03-23 11:52:02 UTC</createdTime>
<ownerDesignName>RiskProfileandFundOffering</ownerDesignName>
<indexSort>SORTED</indexSort>
</PrimaryKey>
</primaryKeys>
</TableProxyOraclev12c>