<?xml version = '1.0' encoding = 'UTF-8'?>
<TableProxyOraclev12c class="oracle.dbtools.crest.model.design.storage.oracle.v12c.TableProxyOraclev12c" name="RM_Answers" directorySegmentName="seg_0" id="A47CE668-3A77-74F9-1BFD-BD3346C607FC">
<createdBy>associate</createdBy>
<createdTime>2022-03-23 11:52:02 UTC</createdTime>
<ownerDesignName>RiskProfileandFundOffering</ownerDesignName>
<logging>YES</logging>
<partitionedRowMovement>DISABLE</partitionedRowMovement>
<temporaryChanged>false</temporaryChanged>
<accessDriverType>oracle_loader</accessDriverType>
<rejectLimit></rejectLimit>
<columnProxies itemClass="oracle.dbtools.crest.model.design.storage.oracle.v12c.ColumnProxyOraclev12c">
<ColumnProxy name="Answer" id="4012AB6E-6D6F-8BFA-3548-1209D1D0A827">
<createdBy>associate</createdBy>
<createdTime>2022-03-23 11:52:02 UTC</createdTime>
<ownerDesignName>RiskProfileandFundOffering</ownerDesignName>
</ColumnProxy>
<ColumnProxy name="Question_ID" id="8AAAA804-3F8F-8406-DA6B-BB02E44569F7">
<createdBy>associate</createdBy>
<createdTime>2022-03-23 11:52:02 UTC</createdTime>
<ownerDesignName>RiskProfileandFundOffering</ownerDesignName>
</ColumnProxy>
<ColumnProxy name="Risk_Weight" id="B549693A-B7D7-EC69-984D-4D3F4BC7A6DC">
<createdBy>associate</createdBy>
<createdTime>2022-03-23 11:52:02 UTC</createdTime>
<ownerDesignName>RiskProfileandFundOffering</ownerDesignName>
</ColumnProxy>
<ColumnProxy name="Answer_Text" id="BF5A0403-89F1-3D4A-4617-B6445EC378AA">
<createdBy>associate</createdBy>
<createdTime>2022-03-23 11:52:02 UTC</createdTime>
<ownerDesignName>RiskProfileandFundOffering</ownerDesignName>
</ColumnProxy>
<ColumnProxy name="RM_Cust_Ans_Cust_Ans_ID" id="C1716227-F33D-1A4B-758B-CDBB296BF045">
<createdBy>associate</createdBy>
<createdTime>2022-03-23 11:52:02 UTC</createdTime>
<ownerDesignName>RiskProfileandFundOffering</ownerDesignName>
</ColumnProxy>
</columnProxies>
<foreignKeys>
<ForeignKey class="oracle.dbtools.crest.model.design.storage.oracle.v10g.FKProxyOraclev10g" name="RM_Ans_RM_Cust_Ans_FK" id="A4EAD763-2E32-174C-267C-EF9B0D2A04F6">
<createdBy>associate</createdBy>
<createdTime>2022-03-23 18:33:24 UTC</createdTime>
<ownerDesignName>RiskProfileandFundOffering</ownerDesignName>
</ForeignKey>
<ForeignKey class="oracle.dbtools.crest.model.design.storage.oracle.v10g.FKProxyOraclev10g" name="RM_Ans_RM_Ques_FK" id="FF2321EC-2D52-C612-CFD2-A1D978216F43">
<createdBy>associate</createdBy>
<createdTime>2022-03-23 16:47:30 UTC</createdTime>
<ownerDesignName>RiskProfileandFundOffering</ownerDesignName>
</ForeignKey>
</foreignKeys>
<primaryKeys>
<PrimaryKey class="oracle.dbtools.crest.model.design.storage.oracle.v10g.PKProxyOraclev10g" name="RM_Answers_PK" id="B0241DF0-8A9D-2FF3-C79B-026273D947DF">
<createdBy>associate</createdBy>
<createdTime>2022-03-23 11:52:02 UTC</createdTime>
<ownerDesignName>RiskProfileandFundOffering</ownerDesignName>
<indexSort>SORTED</indexSort>
</PrimaryKey>
</primaryKeys>
</TableProxyOraclev12c>